Date,MONTHLY_TOTAL,MONTHLY_NORMAL_8110,MONTHLY_NORMAL_9120
1/1/1981,1.48,62.59,62.17
2/1/1981,20.19,53.91,47.40
3/1/1981,58.86,42.26,48.00
4/1/1981,59.08,46.92,46.30
5/1/1981,31.51,35.18,37.62
6/1/1981,11.16,12.73,11.72
7/1/1981,26.14,6.73,3.38
8/1/1981,1.23,6.55,4.42
9/1/1981,10.92,23.77,24.36
10/1/1981,41.90,68.35,68.29
11/1/1981,0.29,81.78,84.12
12/1/1981,189.14,82.31,71.65
1/1/1982,77.92,62.59,62.17
2/1/1982,61.60,53.91,47.40
3/1/1982,44.21,42.26,48.00
4/1/1982,38.40,46.92,46.30
5/1/1982,2.51,35.18,37.62
6/1/1982,4.85,12.73,11.72
7/1/1982,44.03,6.73,3.38
8/1/1982,7.39,6.55,4.42
9/1/1982,48.58,23.77,24.36
10/1/1982,11.47,68.35,68.29
11/1/1982,50.79,81.78,84.12
12/1/1982,31.00,82.31,71.65
1/1/1983,2.40,62.59,62.17
2/1/1983,32.94,53.91,47.40
3/1/1983,3.68,42.26,48.00
4/1/1983,84.21,46.92,46.30
5/1/1983,35.61,35.18,37.62
6/1/1983,3.08,12.73,11.72
7/1/1983,6.10,6.73,3.38
8/1/1983,48.42,6.55,4.42
9/1/1983,3.56,23.77,24.36
10/1/1983,23.64,68.35,68.29
11/1/1983,205.46,81.78,84.12
12/1/1983,111.13,82.31,71.65
1/1/1984,42.67,62.59,62.17
2/1/1984,5.95,53.91,47.40
3/1/1984,104.43,42.26,48.00
4/1/1984,16.19,46.92,46.30
5/1/1984,46.94,35.18,37.62
6/1/1984,28.34,12.73,11.72
7/1/1984,2.84,6.73,3.38
8/1/1984,6.96,6.55,4.42
9/1/1984,3.68,23.77,24.36
10/1/1984,18.99,68.35,68.29
11/1/1984,138.29,81.78,84.12
12/1/1984,49.91,82.31,71.65
1/1/1985,129.25,62.59,62.17
2/1/1985,142.85,53.91,47.40
3/1/1985,10.26,42.26,48.00
4/1/1985,51.48,46.92,46.30
5/1/1985,28.04,35.18,37.62
6/1/1985,9.40,12.73,11.72
7/1/1985,6.42,6.73,3.38
8/1/1985,0.60,6.55,4.42
9/1/1985,3.52,23.77,24.36
10/1/1985,7.12,68.35,68.29
11/1/1985,80.86,81.78,84.12
12/1/1985,82.91,82.31,71.65
1/1/1986,44.87,62.59,62.17
2/1/1986,122.74,53.91,47.40
3/1/1986,37.26,42.26,48.00
4/1/1986,35.80,46.92,46.30
5/1/1986,19.96,35.18,37.62
6/1/1986,2.38,12.73,11.72
7/1/1986,0.88,6.73,3.38
8/1/1986,4.63,6.55,4.42
9/1/1986,48.70,23.77,24.36
10/1/1986,27.99,68.35,68.29
11/1/1986,64.46,81.78,84.12
12/1/1986,31.31,82.31,71.65
1/1/1987,115.37,62.59,62.17
2/1/1987,115.74,53.91,47.40
3/1/1987,15.93,42.26,48.00
4/1/1987,50.27,46.92,46.30
5/1/1987,4.82,35.18,37.62
6/1/1987,3.15,12.73,11.72
7/1/1987,6.83,6.73,3.38
8/1/1987,24.90,6.55,4.42
9/1/1987,11.57,23.77,24.36
10/1/1987,78.79,68.35,68.29
11/1/1987,51.05,81.78,84.12
12/1/1987,114.85,82.31,71.65
1/1/1988,99.93,62.59,62.17
2/1/1988,19.46,53.91,47.40
3/1/1988,7.35,42.26,48.00
4/1/1988,38.71,46.92,46.30
5/1/1988,55.95,35.18,37.62
6/1/1988,53.65,12.73,11.72
7/1/1988,32.84,6.73,3.38
8/1/1988,0.61,6.55,4.42
9/1/1988,1.32,23.77,24.36
10/1/1988,62.63,68.35,68.29
11/1/1988,54.18,81.78,84.12
12/1/1988,9.93,82.31,71.65
1/1/1989,39.90,62.59,62.17
2/1/1989,48.15,53.91,47.40
3/1/1989,29.84,42.26,48.00
4/1/1989,44.71,46.92,46.30
5/1/1989,69.89,35.18,37.62
6/1/1989,0.49,12.73,11.72
7/1/1989,2.10,6.73,3.38
8/1/1989,5.94,6.55,4.42
9/1/1989,12.25,23.77,24.36
10/1/1989,71.15,68.35,68.29
11/1/1989,176.92,81.78,84.12
12/1/1989,222.77,82.31,71.65
1/1/1990,77.50,62.59,62.17
2/1/1990,8.41,53.91,47.40
3/1/1990,44.81,42.26,48.00
4/1/1990,94.23,46.92,46.30
5/1/1990,11.42,35.18,37.62
6/1/1990,4.11,12.73,11.72
7/1/1990,1.97,6.73,3.38
8/1/1990,1.95,6.55,4.42
9/1/1990,22.37,23.77,24.36
10/1/1990,170.82,68.35,68.29
11/1/1990,84.18,81.78,84.12
12/1/1990,33.93,82.31,71.65
1/1/1991,44.35,62.59,62.17
2/1/1991,88.61,53.91,47.40
3/1/1991,115.59,42.26,48.00
4/1/1991,16.37,46.92,46.30
5/1/1991,2.19,35.18,37.62
6/1/1991,2.20,12.73,11.72
7/1/1991,2.12,6.73,3.38
8/1/1991,4.04,6.55,4.42
9/1/1991,11.20,23.77,24.36
10/1/1991,58.50,68.35,68.29
11/1/1991,27.91,81.78,84.12
12/1/1991,75.21,82.31,71.65
1/1/1992,8.11,62.59,62.17
2/1/1992,15.24,53.91,47.40
3/1/1992,20.81,42.26,48.00
4/1/1992,24.68,46.92,46.30
5/1/1992,40.09,35.18,37.62
6/1/1992,34.30,12.73,11.72
7/1/1992,0.37,6.73,3.38
8/1/1992,14.19,6.55,4.42
9/1/1992,13.82,23.77,24.36
10/1/1992,30.72,68.35,68.29
11/1/1992,12.03,81.78,84.12
12/1/1992,56.09,82.31,71.65
1/1/1993,12.24,62.59,62.17
2/1/1993,16.60,53.91,47.40
3/1/1993,28.22,42.26,48.00
4/1/1993,59.61,46.92,46.30
5/1/1993,79.36,35.18,37.62
6/1/1993,9.65,12.73,11.72
7/1/1993,0.83,6.73,3.38
8/1/1993,3.57,6.55,4.42
9/1/1993,33.95,23.77,24.36
10/1/1993,154.71,68.35,68.29
11/1/1993,72.26,81.78,84.12
12/1/1993,10.49,82.31,71.65
1/1/1994,46.93,62.59,62.17
2/1/1994,105.91,53.91,47.40
3/1/1994,5.03,42.26,48.00
4/1/1994,30.76,46.92,46.30
5/1/1994,73.76,35.18,37.62
6/1/1994,1.12,12.73,11.72
7/1/1994,2.06,6.73,3.38
8/1/1994,2.49,6.55,4.42
9/1/1994,4.77,23.77,24.36
10/1/1994,38.98,68.35,68.29
11/1/1994,55.45,81.78,84.12
12/1/1994,40.33,82.31,71.65
1/1/1995,40.02,62.59,62.17
2/1/1995,69.62,53.91,47.40
3/1/1995,13.75,42.26,48.00
4/1/1995,22.69,46.92,46.30
5/1/1995,4.49,35.18,37.62
6/1/1995,5.42,12.73,11.72
7/1/1995,2.42,6.73,3.38
8/1/1995,1.48,6.55,4.42
9/1/1995,13.26,23.77,24.36
10/1/1995,25.77,68.35,68.29
11/1/1995,116.17,81.78,84.12
12/1/1995,158.21,82.31,71.65
1/1/1996,261.92,62.59,62.17
2/1/1996,41.72,53.91,47.40
3/1/1996,29.22,42.26,48.00
4/1/1996,15.32,46.92,46.30
5/1/1996,142.46,35.18,37.62
6/1/1996,0.92,12.73,11.72
7/1/1996,3.27,6.73,3.38
8/1/1996,2.99,6.55,4.42
9/1/1996,17.37,23.77,24.36
10/1/1996,27.99,68.35,68.29
11/1/1996,33.18,81.78,84.12
12/1/1996,142.10,82.31,71.65
1/1/1997,98.94,62.59,62.17
2/1/1997,6.80,53.91,47.40
3/1/1997,0.72,42.26,48.00
4/1/1997,58.53,46.92,46.30
5/1/1997,80.31,35.18,37.62
6/1/1997,37.19,12.73,11.72
7/1/1997,31.26,6.73,3.38
8/1/1997,11.38,6.55,4.42
9/1/1997,27.65,23.77,24.36
10/1/1997,89.37,68.35,68.29
11/1/1997,239.14,81.78,84.12
12/1/1997,115.65,82.31,71.65
1/1/1998,43.24,62.59,62.17
2/1/1998,63.20,53.91,47.40
3/1/1998,32.49,42.26,48.00
4/1/1998,58.62,46.92,46.30
5/1/1998,39.06,35.18,37.62
6/1/1998,3.74,12.73,11.72
7/1/1998,0.57,6.73,3.38
8/1/1998,1.91,6.55,4.42
9/1/1998,35.93,23.77,24.36
10/1/1998,9.92,68.35,68.29
11/1/1998,17.16,81.78,84.12
12/1/1998,63.84,82.31,71.65
1/1/1999,67.28,62.59,62.17
2/1/1999,3.59,53.91,47.40
3/1/1999,45.82,42.26,48.00
4/1/1999,56.12,46.92,46.30
5/1/1999,13.79,35.18,37.62
6/1/1999,1.86,12.73,11.72
7/1/1999,2.69,6.73,3.38
8/1/1999,11.87,6.55,4.42
9/1/1999,84.34,23.77,24.36
10/1/1999,137.51,68.35,68.29
11/1/1999,46.29,81.78,84.12
12/1/1999,16.65,82.31,71.65
1/1/2000,12.82,62.59,62.17
2/1/2000,15.49,53.91,47.40
3/1/2000,16.28,42.26,48.00
4/1/2000,128.61,46.92,46.30
5/1/2000,80.89,35.18,37.62
6/1/2000,4.43,12.73,11.72
7/1/2000,5.10,6.73,3.38
8/1/2000,1.63,6.55,4.42
9/1/2000,9.31,23.77,24.36
10/1/2000,20.20,68.35,68.29
11/1/2000,150.87,81.78,84.12
12/1/2000,166.32,82.31,71.65
1/1/2001,102.98,62.59,62.17
2/1/2001,45.61,53.91,47.40
3/1/2001,127.32,42.26,48.00
4/1/2001,8.65,46.92,46.30
5/1/2001,35.99,35.18,37.62
6/1/2001,12.67,12.73,11.72
7/1/2001,2.63,6.73,3.38
8/1/2001,5.63,6.55,4.42
9/1/2001,44.99,23.77,24.36
10/1/2001,117.75,68.35,68.29
11/1/2001,18.00,81.78,84.12
12/1/2001,20.83,82.31,71.65
1/1/2002,52.64,62.59,62.17
2/1/2002,14.66,53.91,47.40
3/1/2002,87.37,42.26,48.00
4/1/2002,55.56,46.92,46.30
5/1/2002,20.75,35.18,37.62
6/1/2002,6.73,12.73,11.72
7/1/2002,1.63,6.73,3.38
8/1/2002,1.86,6.55,4.42
9/1/2002,69.12,23.77,24.36
10/1/2002,55.24,68.35,68.29
11/1/2002,105.30,81.78,84.12
12/1/2002,117.79,82.31,71.65
1/1/2003,61.80,62.59,62.17
2/1/2003,100.17,53.91,47.40
3/1/2003,63.75,42.26,48.00
4/1/2003,78.04,46.92,46.30
5/1/2003,0.44,35.18,37.62
6/1/2003,6.18,12.73,11.72
7/1/2003,3.41,6.73,3.38
8/1/2003,6.45,6.55,4.42
9/1/2003,12.94,23.77,24.36
10/1/2003,112.02,68.35,68.29
11/1/2003,67.84,81.78,84.12
12/1/2003,61.18,82.31,71.65
1/1/2004,79.50,62.59,62.17
2/1/2004,34.92,53.91,47.40
3/1/2004,53.33,42.26,48.00
4/1/2004,15.79,46.92,46.30
5/1/2004,16.91,35.18,37.62
6/1/2004,1.05,12.73,11.72
7/1/2004,0.87,6.73,3.38
8/1/2004,10.58,6.55,4.42
9/1/2004,4.23,23.77,24.36
10/1/2004,135.48,68.35,68.29
11/1/2004,18.98,81.78,84.12
12/1/2004,23.74,82.31,71.65
1/1/2005,1.22,62.59,62.17
2/1/2005,3.47,53.91,47.40
3/1/2005,18.77,42.26,48.00
4/1/2005,16.40,46.92,46.30
5/1/2005,16.62,35.18,37.62
6/1/2005,1.38,12.73,11.72
7/1/2005,4.66,6.73,3.38
8/1/2005,2.05,6.55,4.42
9/1/2005,6.89,23.77,24.36
10/1/2005,125.69,68.35,68.29
11/1/2005,92.31,81.78,84.12
12/1/2005,34.86,82.31,71.65
1/1/2006,35.46,62.59,62.17
2/1/2006,45.13,53.91,47.40
3/1/2006,72.76,42.26,48.00
4/1/2006,40.32,46.92,46.30
5/1/2006,2.39,35.18,37.62
6/1/2006,47.51,12.73,11.72
7/1/2006,1.25,6.73,3.38
8/1/2006,2.74,6.55,4.42
9/1/2006,31.94,23.77,24.36
10/1/2006,132.83,68.35,68.29
11/1/2006,181.28,81.78,84.12
12/1/2006,37.05,82.31,71.65
1/1/2007,22.49,62.59,62.17
2/1/2007,66.79,53.91,47.40
3/1/2007,7.54,42.26,48.00
4/1/2007,35.99,46.92,46.30
5/1/2007,19.52,35.18,37.62
6/1/2007,27.21,12.73,11.72
7/1/2007,1.62,6.73,3.38
8/1/2007,5.09,6.55,4.42
9/1/2007,98.18,23.77,24.36
10/1/2007,10.56,68.35,68.29
11/1/2007,53.75,81.78,84.12
12/1/2007,50.93,82.31,71.65
1/1/2008,78.31,62.59,62.17
2/1/2008,94.12,53.91,47.40
3/1/2008,37.94,42.26,48.00
4/1/2008,67.99,46.92,46.30
5/1/2008,33.89,35.18,37.62
6/1/2008,1.98,12.73,11.72
7/1/2008,1.87,6.73,3.38
8/1/2008,2.37,6.55,4.42
9/1/2008,12.83,23.77,24.36
10/1/2008,54.85,68.35,68.29
11/1/2008,40.13,81.78,84.12
12/1/2008,59.38,82.31,71.65
1/1/2009,84.16,62.59,62.17
2/1/2009,46.08,53.91,47.40
3/1/2009,6.44,42.26,48.00
4/1/2009,52.41,46.92,46.30
5/1/2009,23.73,35.18,37.62
6/1/2009,34.39,12.73,11.72
7/1/2009,3.08,6.73,3.38
8/1/2009,0.53,6.55,4.42
9/1/2009,10.95,23.77,24.36
10/1/2009,68.22,68.35,68.29
11/1/2009,97.89,81.78,84.12
12/1/2009,190.47,82.31,71.65
1/1/2010,92.03,62.59,62.17
2/1/2010,161.43,53.91,47.40
3/1/2010,127.95,42.26,48.00
4/1/2010,52.06,46.92,46.30
5/1/2010,22.25,35.18,37.62
6/1/2010,21.29,12.73,11.72
7/1/2010,0.10,6.73,3.38
8/1/2010,1.15,6.55,4.42
9/1/2010,2.91,23.77,24.36
10/1/2010,129.80,68.35,68.29
11/1/2010,101.11,81.78,84.12
12/1/2010,151.45,82.31,71.65
1/1/2011,84.82,62.59,62.17
2/1/2011,57.60,53.91,47.40
3/1/2011,36.05,42.26,48.00
4/1/2011,74.45,46.92,46.30
5/1/2011,57.68,35.18,37.62
6/1/2011,0.94,12.73,11.72
7/1/2011,1.14,6.73,3.38
8/1/2011,8.59,6.55,4.42
9/1/2011,9.60,23.77,24.36
10/1/2011,56.86,68.35,68.29
11/1/2011,172.57,81.78,84.12
12/1/2011,17.80,82.31,71.65
1/1/2012,12.24,62.59,62.17
2/1/2012,1.10,53.91,47.40
3/1/2012,18.56,42.26,48.00
4/1/2012,33.58,46.92,46.30
5/1/2012,39.99,35.18,37.62
6/1/2012,2.44,12.73,11.72
7/1/2012,0.96,6.73,3.38
8/1/2012,12.94,6.55,4.42
9/1/2012,24.95,23.77,24.36
10/1/2012,109.42,68.35,68.29
11/1/2012,169.38,81.78,84.12
12/1/2012,76.48,82.31,71.65
1/1/2013,75.97,62.59,62.17
2/1/2013,39.78,53.91,47.40
3/1/2013,137.07,42.26,48.00
4/1/2013,26.09,46.92,46.30
5/1/2013,14.09,35.18,37.62
6/1/2013,5.62,12.73,11.72
7/1/2013,2.51,6.73,3.38
8/1/2013,0.70,6.55,4.42
9/1/2013,30.60,23.77,24.36
10/1/2013,78.08,68.35,68.29
11/1/2013,13.63,81.78,84.12
12/1/2013,63.76,82.31,71.65
1/1/2014,146.40,62.59,62.17
2/1/2014,101.61,53.91,47.40
3/1/2014,30.68,42.26,48.00
4/1/2014,48.67,46.92,46.30
5/1/2014,23.29,35.18,37.62
6/1/2014,24.32,12.73,11.72
7/1/2014,3.86,6.73,3.38
8/1/2014,2.50,6.55,4.42
9/1/2014,62.14,23.77,24.36
10/1/2014,55.04,68.35,68.29
11/1/2014,137.42,81.78,84.12
12/1/2014,55.69,82.31,71.65
1/1/2015,49.23,62.59,62.17
2/1/2015,16.53,53.91,47.40
3/1/2015,19.24,42.26,48.00
4/1/2015,32.28,46.92,46.30
5/1/2015,2.75,35.18,37.62
6/1/2015,8.76,12.73,11.72
7/1/2015,1.08,6.73,3.38
8/1/2015,3.69,6.55,4.42
9/1/2015,3.96,23.77,24.36
10/1/2015,60.38,68.35,68.29
11/1/2015,22.31,81.78,84.12
12/1/2015,53.18,82.31,71.65
1/1/2016,80.13,62.59,62.17
2/1/2016,52.01,53.91,47.40
3/1/2016,18.93,42.26,48.00
4/1/2016,58.65,46.92,46.30
5/1/2016,141.56,35.18,37.62
6/1/2016,2.31,12.73,11.72
7/1/2016,2.30,6.73,3.38
8/1/2016,1.00,6.55,4.42
9/1/2016,18.14,23.77,24.36
10/1/2016,18.34,68.35,68.29
11/1/2016,120.51,81.78,84.12
12/1/2016,57.00,82.31,71.65
1/1/2017,30.73,62.59,62.17
2/1/2017,33.79,53.91,47.40
3/1/2017,75.24,42.26,48.00
4/1/2017,6.42,46.92,46.30
5/1/2017,36.06,35.18,37.62
6/1/2017,6.41,12.73,11.72
7/1/2017,3.62,6.73,3.38
8/1/2017,1.76,6.55,4.42
9/1/2017,1.70,23.77,24.36
10/1/2017,25.39,68.35,68.29
11/1/2017,63.95,81.78,84.12
12/1/2017,40.29,82.31,71.65
1/1/2018,56.38,62.59,62.17
2/1/2018,43.13,53.91,47.40
3/1/2018,142.57,42.26,48.00
4/1/2018,61.65,46.92,46.30
5/1/2018,13.54,35.18,37.62
6/1/2018,30.37,12.73,11.72
7/1/2018,6.22,6.73,3.38
8/1/2018,0.38,6.55,4.42
9/1/2018,6.16,23.77,24.36
10/1/2018,37.00,68.35,68.29
11/1/2018,132.31,81.78,84.12
12/1/2018,17.12,82.31,71.65
1/1/2019,28.71,62.59,62.17
2/1/2019,26.70,53.91,47.40
3/1/2019,15.48,42.26,48.00
4/1/2019,67.68,46.92,46.30
5/1/2019,4.88,35.18,37.62
6/1/2019,5.01,12.73,11.72
7/1/2019,7.33,6.73,3.38
8/1/2019,2.59,6.55,4.42
9/1/2019,10.69,23.77,24.36
10/1/2019,25.23,68.35,68.29
11/1/2019,56.08,81.78,84.12
12/1/2019,89.28,82.31,71.65
1/1/2020,54.06,62.59,62.17
2/1/2020,10.57,53.91,47.40
3/1/2020,35.04,42.26,48.00
4/1/2020,85.10,46.92,46.30
5/1/2020,45.96,35.18,37.62
6/1/2020,4.18,12.73,11.72
7/1/2020,0.64,6.73,3.38
8/1/2020,4.44,6.55,4.42
9/1/2020,16.18,23.77,24.36
10/1/2020,46.74,68.35,68.29
11/1/2020,88.39,81.78,84.12
12/1/2020,86.39,82.31,71.65
1/1/2021,29.37,62.59,62.17
2/1/2021,92.83,53.91,47.40
3/1/2021,43.26,42.26,48.00
4/1/2021,59.53,46.92,46.30
5/1/2021,9.81,35.18,37.62
6/1/2021,7.39,12.73,11.72
7/1/2021,2.36,6.73,3.38
8/1/2021,2.63,6.55,4.42
9/1/2021,9.56,23.77,24.36
10/1/2021,41.61,68.35,68.29
11/1/2021,12.28,81.78,84.12
12/1/2021,41.43,82.31,71.65
1/1/2022,3.05,62.59,62.17
2/1/2022,3.68,53.91,47.40
3/1/2022,101.51,42.26,48.00
4/1/2022,42.83,46.92,46.30
5/1/2022,4.02,35.18,37.62
6/1/2022,9.83,12.73,11.72
7/1/2022,0.91,6.73,3.38
8/1/2022,4.94,6.55,4.42
9/1/2022,24.54,23.77,24.36
10/1/2022,28.79,68.35,68.29
11/1/2022,39.35,81.78,84.12
12/1/2022,169.86,82.31,71.65
1/1/2023,45.29,62.59,62.17
2/1/2023,12.62,53.91,47.40
3/1/2023,12.42,42.26,48.00
4/1/2023,4.07,46.92,46.30
5/1/2023,23.39,35.18,37.62
6/1/2023,3.34,12.73,11.72
7/1/2023,0.62,6.73,3.38
8/1/2023,1.13,6.55,4.42
9/1/2023,10.38,23.77,24.36
10/1/2023,90.47,68.35,68.29
11/1/2023,58.19,81.78,84.12
12/1/2023,26.92,82.31,71.65
1/1/2024,95.19,62.59,62.17
2/1/2024,67.50,53.91,47.40
3/1/2024,106.01,42.26,48.00
4/1/2024,16.75,46.92,46.30
5/1/2024,3.54,35.18,37.62
6/1/2024,33.83,12.73,11.72
7/1/2024,5.36,6.73,3.38
8/1/2024,0.88,6.55,4.42
9/1/2024,6.03,23.77,24.36
10/1/2024,55.01,68.35,68.29
11/1/2024,32.89,81.78,84.12
12/1/2024,3.24,82.31,71.65
1/1/2025,128.28,62.59,62.17
2/1/2025,36.37,53.91,47.40
3/1/2025,223.01,42.26,48.00
4/1/2025,82.25,46.92,46.30
5/1/2025,25.52,35.18,37.62
6/1/2025,2.09,12.73,11.72
7/1/2025,3.79,6.73,3.38
8/1/2025,2.07,6.55,4.42
9/1/2025,5.41,23.77,24.36
10/1/2025,8.38,68.35,68.29
11/1/2025,290.48,81.78,84.12
12/1/2025,103.35,82.31,71.65
1/1/2026,142.86,62.59,62.17
2/1/2026,150.91,53.91,47.40
3/1/2026,47.82,42.26,48.00
4/1/2026,6.57,46.92,46.30
5/1/2026,35.10,35.18,37.62
