cdl,snirh,date,wl_elev_m,depth_m
P0,418/4,1981-01-01,9.505917672786886,3.2950819672131137
P0,418/4,1981-03-01,9.448540623606558,3.3524590163934427
P0,418/4,1981-05-01,9.643622590819673,3.1573770491803277
P0,418/4,1981-06-01,9.597720951475411,3.20327868852459
P0,418/4,1981-07-01,9.540343902295083,3.260655737704918
P0,418/4,1981-09-01,8.955098000655738,3.845901639344262
P0,418/4,1981-10-01,9.482966853114755,3.318032786885246
P0,418/4,1982-01-01,10.951819312131148,1.8491803278688521
P0,418/4,1982-03-01,10.871491443278689,1.929508196721311
P0,418/4,1982-05-01,10.779688164590166,2.021311475409836
P0,418/4,1982-11-01,9.219032426885247,3.581967213114753
P0,418/4,1982-12-01,9.528868492459017,3.2721311475409833
P0,418/4,1983-02-01,9.448540623606558,3.3524590163934427
P0,418/4,1983-11-01,8.932147180983609,3.8688524590163924
P0,418/4,1983-12-01,10.848540623606558,1.9524590163934419
P0,418/4,1984-04-01,10.871491443278689,1.929508196721311
P0,418/4,1984-05-01,10.504278328524592,2.2967213114754097
P0,418/4,1984-06-01,10.52722914819672,2.273770491803279
P0,418/4,1984-07-01,10.045261935081967,2.7557377049180323
P0,418/4,1984-10-01,9.161655377704918,3.639344262295082
P0,418/4,1984-11-01,9.299360295737706,3.501639344262295
P0,418/4,1985-02-01,10.802638984262297,1.9983606557377045
P0,418/4,1985-05-01,10.986245541639345,1.8147540983606556
P0,418/4,1985-09-01,9.333786525245902,3.467213114754098
P0,418/4,1985-11-01,9.528868492459017,3.2721311475409833
P0,418/4,1986-03-01,10.653458656393443,2.1475409836065573
P0,418/4,1986-04-01,10.504278328524592,2.2967213114754097
P0,418/4,1986-05-01,10.29772095147541,2.5032786885245897
P0,418/4,1986-06-01,10.022311115409838,2.778688524590163
P0,418/4,1986-07-01,9.207557017049181,3.59344262295082
P0,418/4,1986-09-01,9.012475049836066,3.7885245901639344
P0,418/4,1986-11-01,9.012475049836066,3.7885245901639344
P0,418/4,1987-03-01,10.550179967868853,2.250819672131147
P0,418/4,1987-05-01,10.343622590819674,2.4573770491803275
P0,418/4,1987-06-01,9.976409476065575,2.8245901639344257
P0,418/4,1987-07-01,9.563294721967214,3.2377049180327866
P0,418/4,1987-08-01,9.161655377704918,3.639344262295082
P0,418/4,1987-09-01,9.092802918688525,3.708196721311475
P0,418/4,1987-10-01,8.955098000655738,3.845901639344262
P0,418/4,1987-12-01,9.207557017049181,3.59344262295082
P0,418/4,1988-01-01,10.320671771147541,2.4803278688524593
P0,418/4,1988-03-01,10.56165537770492,2.2393442622950817
P0,418/4,1988-05-01,10.286245541639346,2.5147540983606556
P0,418/4,1988-06-01,10.079688164590165,2.721311475409836
P0,418/4,1988-07-01,10.240343902295082,2.5606557377049177
P0,418/4,1988-08-01,9.838704558032788,2.9622950819672127
P0,418/4,1988-09-01,9.666573410491804,3.1344262295081964
P0,418/4,1988-10-01,9.540343902295083,3.260655737704918
P0,418/4,1988-11-01,10.045261935081967,2.7557377049180323
P0,418/4,1989-01-01,10.148540623606557,2.6524590163934425
P0,418/4,1989-02-01,10.263294721967213,2.5377049180327864
P0,418/4,1989-03-01,10.389524230163936,2.4114754098360653
P0,418/4,1989-04-01,10.446901279344264,2.3540983606557373
P0,418/4,1989-05-01,10.37804882032787,2.4229508196721308
P0,418/4,1989-06-01,10.19444226295082,2.60655737704918
P0,418/4,1989-08-01,9.643622590819673,3.1573770491803277
P0,418/4,1989-11-01,10.079688164590165,2.721311475409836
P0,418/4,1989-12-01,11.80099964,1.0
P0,418/4,1990-01-01,11.456737344918034,1.344262295081967
P0,418/4,1990-02-01,11.376409476065575,1.4245901639344258
P0,418/4,1990-03-01,11.112475049836068,1.6885245901639339
P0,418/4,1990-04-01,10.986245541639345,1.8147540983606556
P0,418/4,1990-05-01,10.756737344918033,2.0442622950819667
P0,418/4,1990-06-01,10.37804882032787,2.4229508196721308
P0,418/4,1990-08-01,9.712475049836067,3.0885245901639338
P0,418/4,1990-09-01,9.563294721967214,3.2377049180327866
P0,418/4,1990-10-01,9.666573410491804,3.1344262295081964
P0,418/4,1990-11-01,10.423950459672131,2.3770491803278686
P0,418/4,1991-01-01,10.779688164590166,2.021311475409836
P0,418/4,1991-02-01,10.91739308262295,1.8836065573770493
P0,418/4,1991-03-01,11.273130787540984,1.5278688524590163
P0,418/4,1991-04-01,11.009196361311476,1.7918032786885245
P0,418/4,1991-05-01,10.7682127547541,2.0327868852459012
P0,418/4,1991-06-01,10.366573410491803,2.4344262295081966
P0,418/4,1991-07-01,9.941983246557378,2.8590163934426225
P0,418/4,1991-09-01,9.448540623606558,3.3524590163934427
P0,418/4,1991-10-01,9.47149144327869,3.329508196721311
P0,418/4,1991-12-01,9.643622590819673,3.1573770491803277
P0,418/4,1992-01-01,9.930507836721311,2.8704918032786884
P0,418/4,1992-02-01,10.045261935081967,2.7557377049180323
P0,418/4,1992-03-01,9.999360295737706,2.801639344262295
P0,418/4,1992-04-01,9.96493406622951,2.836065573770491
P0,418/4,1992-05-01,9.712475049836067,3.0885245901639338
P0,418/4,1992-07-01,9.345261935081968,3.4557377049180324
P0,418/4,1992-09-01,9.092802918688525,3.708196721311475
P0,418/4,1993-01-01,9.276409476065574,3.524590163934426
P0,418/4,1993-02-01,9.253458656393443,3.5475409836065572
P0,418/4,1993-08-01,8.966573410491804,3.834426229508197
P0,418/4,1993-09-01,8.943622590819674,3.8573770491803274
P0,418/4,1993-10-01,8.989524230163935,3.8114754098360653
P0,418/4,1993-11-01,9.907557017049182,2.893442622950819
P0,418/4,1999-12-01,9.356737344918034,3.444262295081967
P0,418/4,2000-01-01,9.448540623606558,3.3524590163934422
P0,418/4,2000-02-01,9.540343902295083,3.260655737704918
P0,418/4,2000-03-01,9.39116357442623,3.40983606557377
P0,418/4,2000-04-01,9.47149144327869,3.329508196721311
P0,418/4,2000-05-01,9.723950459672132,3.0770491803278683
P0,418/4,2000-06-01,9.299360295737706,3.5016393442622946
P0,418/4,2000-07-01,8.989524230163935,3.8114754098360653
P0,418/4,2000-08-01,8.656737344918033,4.144262295081967
P0,418/4,2000-09-01,8.519032426885246,4.281967213114754
P0,418/4,2000-10-01,8.38132750885246,4.419672131147541
P0,418/4,2000-11-01,8.30099964,4.5
P0,418/4,2000-12-01,9.26493406622951,3.5360655737704914
P0,418/4,2001-02-05,10.286245541639346,2.5147540983606556
P0,418/4,2001-03-15,10.27477013180328,2.526229508196721
P0,418/4,2001-05-07,9.838704558032788,2.9622950819672127
P0,418/4,2002-04-18,10.217393082622952,2.583606557377049
P0,418/4,2002-05-29,9.80427832852459,2.9967213114754094
P0,418/4,2002-06-18,9.67804882032787,3.1229508196721305
P0,418/4,2002-07-12,9.437065213770493,3.3639344262295077
P0,418/4,2003-05-25,10.045261935081967,2.7557377049180323
P0,418/4,2003-06-23,10.148540623606557,2.6524590163934425
P0,418/4,2003-07-25,9.769852099016394,3.0311475409836066
P0,418/4,2003-08-19,9.540343902295083,3.260655737704918
P0,418/4,2003-09-23,9.299360295737706,3.5016393442622946
P0,418/4,2003-10-26,9.460016033442624,3.3409836065573773
P0,418/4,2003-11-24,10.160016033442623,2.6409836065573766
P0,418/4,2004-01-02,10.596081607213115,2.204918032786885
P0,418/4,2004-09-09,9.26493406622951,3.5360655737704914
P0,418/4,2005-01-14,9.689524230163936,3.111475409836065
P0,418/4,2005-03-23,9.563294721967214,3.2377049180327866
P0,418/4,2005-04-07,9.620671771147542,3.1803278688524586
P0,418/4,2005-04-21,9.586245541639345,3.2147540983606553
P0,418/4,2005-05-05,9.517393082622952,3.2836065573770488
P0,418/4,2005-05-19,9.460016033442624,3.3409836065573773
P0,418/4,2005-06-09,9.310835705573771,3.490163934426229
P0,418/4,2005-06-23,9.253458656393443,3.5475409836065572
P0,418/4,2005-07-08,9.150179967868853,3.650819672131147
P0,418/4,2005-07-22,9.08132750885246,3.71967213114754
P0,418/4,2005-08-05,9.035425869508199,3.7655737704918026
P0,418/4,2005-08-19,8.989524230163935,3.8114754098360653
P0,418/4,2005-09-08,8.89772095147541,3.9032786885245896
P0,418/4,2005-09-22,8.87477013180328,3.926229508196721
P0,418/4,2005-10-10,8.840343902295082,3.9606557377049176
P0,418/4,2005-10-20,8.817393082622953,3.983606557377048
P0,418/4,2005-11-09,9.127229148196722,3.6737704918032783
P0,418/4,2005-11-21,9.368212754754099,3.432786885245901
P0,418/4,2005-12-07,9.792802918688526,3.0081967213114753
P0,418/4,2005-12-23,9.919032426885247,2.8819672131147533
P0,418/4,2006-01-09,10.033786525245901,2.7672131147540986
P0,418/4,2006-01-19,10.102638984262295,2.6983606557377047
P0,418/4,2006-02-13,10.240343902295082,2.5606557377049177
P0,418/4,2006-03-14,10.423950459672131,2.3770491803278686
P0,418/4,2006-04-20,10.492802918688525,2.308196721311475
P0,418/4,2006-05-18,9.827229148196722,2.973770491803278
P0,418/4,2006-06-20,10.205917672786887,2.595081967213114
P0,418/4,2006-07-25,9.907557017049182,2.893442622950819
P0,418/4,2006-08-30,9.482966853114755,3.318032786885246
P0,418/4,2006-09-28,9.368212754754099,3.432786885245901
P0,418/4,2006-10-23,9.57477013180328,3.226229508196721
P0,418/4,2006-11-23,10.89444226295082,1.9065573770491802
P0,418/4,2006-12-21,11.089524230163935,1.7114754098360654
P0,418/4,2007-01-18,10.928868492459017,1.8721311475409834
P0,418/4,2007-02-23,10.997720951475412,1.80327868852459
P0,418/4,2007-03-22,10.745261935081968,2.0557377049180325
P0,418/4,2007-04-26,10.619032426885248,2.1819672131147536
P0,418/4,2007-05-24,10.389524230163936,2.4114754098360653
P0,418/4,2007-06-27,10.079688164590165,2.721311475409836
P0,418/4,2007-07-27,9.746901279344263,3.054098360655738
P0,418/4,2007-08-30,9.437065213770493,3.3639344262295077
P0,418/4,2007-09-20,9.322311115409837,3.4786885245901633
P0,418/4,2007-10-26,9.150179967868853,3.650819672131147
P0,418/4,2007-11-22,9.138704558032789,3.6622950819672124
P0,418/4,2007-12-20,9.333786525245902,3.467213114754098
P0,418/4,2008-01-24,10.045261935081967,2.7557377049180323
P0,418/4,2008-02-21,10.355098000655738,2.445901639344262
P0,418/4,2008-03-26,10.458376689180328,2.342622950819672
P0,418/4,2008-04-24,10.596081607213115,2.204918032786885
P0,418/4,2008-05-21,11.525589803934427,1.2754098360655735
P0,418/4,2008-06-19,10.160016033442623,2.6409836065573766
P0,418/4,2008-07-24,9.746901279344263,3.054098360655738
P0,418/4,2008-08-21,9.47149144327869,3.329508196721311
P0,418/4,2008-09-25,9.276409476065574,3.524590163934426
P0,418/4,2008-10-23,9.173130787540984,3.627868852459016
P0,418/4,2008-11-19,9.150179967868853,3.650819672131147
P0,418/4,2008-12-19,9.253458656393443,3.5475409836065572
P0,418/4,2009-01-28,10.022311115409838,2.778688524590163
P0,418/4,2009-02-26,10.66493406622951,2.1360655737704914
P0,418/4,2009-03-26,10.515753738360656,2.285245901639344
P0,418/4,2009-04-23,10.366573410491803,2.4344262295081966
P0,418/4,2009-05-22,10.205917672786887,2.595081967213114
P0,418/4,2009-06-24,9.930507836721311,2.8704918032786884
P0,418/4,2009-07-23,9.723950459672132,3.0770491803278683
P0,418/4,2009-08-21,9.437065213770493,3.3639344262295077
P0,418/4,2009-09-24,9.230507836721312,3.570491803278688
P0,418/4,2009-10-30,9.127229148196722,3.6737704918032783
P0,418/4,2009-11-19,9.138704558032789,3.6622950819672124
P0,418/4,2009-12-22,9.322311115409837,3.4786885245901633
P0,418/4,2010-01-26,10.848540623606558,1.9524590163934423
P0,418/4,2010-02-18,10.963294721967214,1.8377049180327867
P0,418/4,2010-03-22,11.192802918688525,1.6081967213114752
P0,418/4,2010-04-23,11.135425869508197,1.665573770491803
P0,418/4,2010-05-24,10.68788488590164,2.11311475409836
P0,418/4,2010-06-24,10.366573410491803,2.4344262295081966
P0,418/4,2010-07-26,9.98788488590164,2.8131147540983603
P0,418/4,2010-08-19,9.723950459672132,3.0770491803278683
P0,418/4,2010-09-24,9.425589803934427,3.375409836065573
P0,418/4,2010-10-18,9.47149144327869,3.329508196721311
P0,418/4,2010-11-11,9.78132750885246,3.0196721311475407
P0,418/4,2010-12-16,10.550179967868853,2.250819672131147
P0,418/4,2011-01-17,10.343622590819674,2.4573770491803275
P0,418/4,2011-02-07,10.905917672786886,1.8950819672131145
P0,418/4,2011-03-07,11.146901279344263,1.6540983606557376
P0,418/4,2011-04-11,10.837065213770492,1.963934426229508
P0,418/4,2011-05-05,10.997720951475412,1.80327868852459
P0,418/4,2011-06-09,10.722311115409838,2.078688524590164
P0,418/4,2011-07-07,10.320671771147541,2.4803278688524593
P0,418/4,2011-08-04,10.045261935081967,2.7557377049180323
P0,418/4,2011-09-12,9.67804882032787,3.1229508196721305
P0,418/4,2011-10-04,9.528868492459017,3.2721311475409833
P0,418/4,2011-11-14,10.228868492459018,2.572131147540983
P0,418/4,2011-12-07,10.58460619737705,2.2163934426229503
P0,418/4,2012-01-05,10.469852099016395,2.331147540983606
P0,418/4,2012-02-02,10.492802918688525,2.308196721311475
P0,418/4,2012-03-05,10.37804882032787,2.4229508196721308
P0,418/4,2012-04-05,10.366573410491803,2.4344262295081966
P0,418/4,2012-05-09,10.366573410491803,2.4344262295081966
P0,418/4,2012-07-10,9.861655377704919,2.939344262295082
P0,418/4,2012-08-03,9.666573410491804,3.1344262295081964
P0,418/4,2012-09-20,9.356737344918034,3.444262295081967
P0,418/4,2012-11-06,9.26493406622951,3.5360655737704914
P0,418/4,2012-12-07,10.309196361311477,2.491803278688524
P0,418/4,2013-01-03,10.58460619737705,2.2163934426229503
P0,418/4,2013-02-07,10.733786525245902,2.067213114754098
P0,418/4,2013-03-18,10.986245541639345,1.8147540983606554
P0,418/4,2013-04-19,11.009196361311476,1.7918032786885243
P0,418/4,2013-05-15,10.48132750885246,2.3196721311475406
P0,418/4,2013-06-04,10.446901279344264,2.3540983606557373
P0,418/4,2013-07-11,9.96493406622951,2.836065573770491
P0,418/4,2013-08-12,9.666573410491804,3.1344262295081964
P0,418/4,2013-09-05,9.425589803934427,3.375409836065573
P0,418/4,2013-10-09,9.299360295737706,3.5016393442622946
P0,418/4,2013-11-14,9.88460619737705,2.9163934426229505
P0,418/4,2013-12-03,9.758376689180329,3.0426229508196716
P0,418/4,2014-01-14,10.37804882032787,2.4229508196721308
P0,418/4,2014-02-13,11.009196361311476,1.7918032786885243
P0,418/4,2014-03-31,11.651819312131149,1.1491803278688524
P0,418/4,2014-05-16,11.422311115409837,1.3786885245901637
P0,418/4,2014-06-09,11.204278328524591,1.5967213114754095
P0,418/4,2014-07-11,10.137065213770493,2.663934426229508
P0,418/4,2014-08-26,9.65509800065574,3.145901639344262
P0,418/4,2014-10-02,9.563294721967214,3.2377049180327866
P0,418/4,2014-11-21,10.332147180983608,2.468852459016393
P0,418/4,2015-01-08,10.710835705573771,2.0901639344262293
P0,418/4,2015-02-11,10.779688164590166,2.021311475409836
P0,418/4,2015-03-09,10.653458656393443,2.1475409836065573
P0,418/4,2015-04-13,10.538704558032787,2.2622950819672125
P0,418/4,2015-05-25,10.182966853114756,2.6180327868852453
P0,418/4,2015-06-22,9.873130787540985,2.927868852459016
P0,418/4,2015-07-17,9.597720951475411,3.20327868852459
P0,418/4,2015-08-17,9.322311115409837,3.4786885245901633
P0,418/4,2015-09-22,9.127229148196722,3.6737704918032783
P0,418/4,2015-10-13,9.127229148196722,3.6737704918032783
P0,418/4,2016-02-18,10.17149144327869,2.629508196721311
P0,418/4,2016-04-15,10.343622590819674,2.4573770491803275
P0,418/4,2016-05-20,10.802638984262297,1.9983606557377047
P0,418/4,2016-06-21,10.458376689180328,2.342622950819672
P0,418/4,2016-07-15,10.148540623606557,2.6524590163934425
P0,418/4,2016-08-23,9.758376689180329,3.0426229508196716
P0,418/4,2016-10-12,9.448540623606558,3.3524590163934422
P0,418/4,2016-11-28,9.666573410491804,3.1344262295081964
P0,418/4,2016-12-28,10.366573410491803,2.4344262295081966
P0,418/4,2017-01-17,10.469852099016395,2.331147540983606
P0,418/4,2017-02-17,10.756737344918033,2.0442622950819667
P0,418/4,2017-03-23,10.653458656393443,2.1475409836065573
P0,418/4,2017-04-24,10.48132750885246,2.3196721311475406
P0,418/4,2017-05-25,10.309196361311477,2.491803278688524
P0,418/4,2017-06-26,9.976409476065575,2.8245901639344257
P0,418/4,2017-07-24,9.712475049836067,3.0885245901639338
P0,418/4,2017-08-23,9.47149144327869,3.329508196721311
P0,418/4,2017-10-20,9.173130787540984,3.627868852459016
P0,418/4,2017-11-28,9.127229148196722,3.6737704918032783
P0,418/4,2017-12-27,9.345261935081968,3.455737704918032
P0,418/4,2018-01-26,9.563294721967214,3.2377049180327866
P0,418/4,2018-02-26,9.65509800065574,3.145901639344262
P0,418/4,2018-03-22,10.366573410491803,2.4344262295081966
P0,418/4,2018-04-24,10.607557017049182,2.19344262295082
P0,418/4,2018-05-25,10.389524230163936,2.4114754098360653
P0,418/4,2018-06-22,10.137065213770493,2.663934426229508
P0,418/4,2018-07-27,9.827229148196722,2.973770491803278
P0,418/4,2018-08-31,9.540343902295083,3.260655737704918
P0,418/4,2018-10-30,9.230507836721312,3.570491803278688
P0,418/4,2018-11-27,9.39116357442623,3.40983606557377
P0,418/4,2018-12-27,9.815753738360657,2.985245901639344
P0,418/4,2019-01-28,9.827229148196722,2.973770491803278
P0,418/4,2019-03-29,9.815753738360657,2.985245901639344
P0,418/4,2019-04-24,9.735425869508198,3.065573770491803
P0,418/4,2019-05-27,9.563294721967214,3.2377049180327866
P0,418/4,2019-06-25,9.448540623606558,3.3524590163934422
P0,418/4,2019-07-25,9.322311115409837,3.4786885245901633
P0,418/4,2019-09-18,9.069852099016394,3.7311475409836063
P0,418/4,2020-01-24,9.67804882032787,3.1229508196721305
P0,418/4,2020-02-24,9.758376689180329,3.0426229508196716
P1,378/129,1999-12-01,33.88631026116784,2.8556903188321594
P1,378/129,2000-01-01,35.004038491249915,1.7379620887500913
P1,378/129,2000-02-01,33.89219304132617,2.8498075386738324
P1,378/129,2000-03-01,34.12815788989905,2.6138426901009515
P1,378/129,2000-04-01,34.252349915463725,2.489650664536277
P1,378/129,2000-05-01,35.74200058,1.0
P1,378/129,2002-06-12,32.094676881837465,4.647323698162539
P1,378/129,2002-07-18,26.742000580000003,10.0
P2,378/129,1999-12-01,29.8337894796732,2.856209150326798
P2,378/129,2000-01-01,30.95143653849673,1.7385620915032685
P2,378/129,2000-02-01,29.84032542738562,2.8496732026143787
P2,378/129,2000-03-01,30.075619545032676,2.6143790849673207
P2,378/129,2000-04-01,30.199148956797384,2.4908496732026144
P2,378/129,2000-05-01,31.689998629999998,1.0
P2,378/129,2002-06-12,28.042939806470585,4.647058823529412
P2,378/129,2002-07-18,22.689998629999998,10.0
P3,391/243,1999-12-01,7.324025786455696,5.037974683544304
P3,391/243,2000-01-01,7.331259059511754,5.030741410488246
P3,391/243,2000-02-01,7.331259059511754,5.030741410488246
P3,391/243,2000-03-01,7.201060144502712,5.160940325497288
P3,391/243,2000-04-01,7.229993236726944,5.132007233273056
P3,391/243,2000-05-01,7.526557432025317,4.835443037974683
P3,391/243,2000-06-01,6.36200047,6.0
P3,391/243,2000-08-01,6.759830488083184,5.602169981916816
P3,391/243,2000-09-01,6.926195768372514,5.435804701627486
P3,391/243,2000-10-01,7.070861229493671,5.291139240506329
P3,391/243,2000-11-01,7.157660506166365,5.204339963833635
P3,391/243,2000-12-01,7.794188535099458,4.567811934900542
P3,391/243,2001-02-05,8.531982386817361,3.8300180831826394
P3,391/243,2001-05-07,8.257118010687162,4.104882459312838
P3,391/243,2002-04-10,9.2119100540868,3.1500904159132004
P3,391/243,2002-05-17,8.286051102911392,4.075949367088608
P3,391/243,2002-06-18,7.555490524249548,4.806509945750452
P3,391/243,2002-07-18,7.533790705081374,4.8282097649186255
P3,391/243,2003-06-03,10.36200047,2.0
P3,391/243,2003-06-24,9.711005894954791,2.6509945750452077
P3,391/243,2003-07-29,8.698347667106692,3.663652802893309
P3,391/243,2003-08-26,9.313175876871611,3.0488245931283897
P3,391/243,2003-09-24,8.155852187902351,4.206148282097649
P3,391/243,2003-10-29,10.108835913037975,2.253164556962025
P3,391/243,2003-11-24,10.36200047,2.0
P3,391/243,2004-01-02,8.915345858788427,3.4466546112115735
P3,391/243,2005-04-21,7.8448214464918635,4.517179023508136
P3,391/243,2005-05-19,7.931620723164556,4.4303797468354436
P3,391/243,2005-06-23,7.620589981754069,4.741410488245931
P3,391/243,2005-07-22,7.418058336184449,4.9439421338155505
P3,391/243,2005-08-18,7.562723797305606,4.799276672694394
P3,391/243,2005-09-22,7.620589981754069,4.741410488245931
P3,391/243,2006-01-19,8.314984195135624,4.047016274864376
P3,391/243,2006-02-13,7.902687630940326,4.459312839059674
P3,391/243,2006-03-14,7.6929227123146475,4.669077757685352
P3,391/243,2006-04-20,8.452416383200724,3.9095840867992764
P3,391/243,2006-05-18,7.996720180669078,4.365280289330922
P3,391/243,2006-06-20,8.242651464575044,4.119349005424955
P3,391/243,2006-07-25,7.6856894392585895,4.67631103074141
P3,391/243,2006-08-30,7.801421808155515,4.560578661844485
P3,391/243,2006-09-28,8.047353092061483,4.314647377938517
P3,391/243,2006-10-23,8.112452549566004,4.249547920433996
P3,391/243,2006-11-23,8.900879312676311,3.4611211573236886
P3,391/243,2006-12-21,9.262542965479206,3.099457504520795
P3,391/243,2007-01-18,9.117877504358047,3.244122965641953
P3,391/243,2007-02-23,9.269776238535261,3.092224231464738
P3,391/243,2007-03-22,8.97321204323689,3.38878842676311
P3,391/243,2007-04-26,8.423483290976492,3.938517179023508
P3,391/243,2007-05-24,8.040119819005426,4.321880650994575
P3,391/243,2007-06-27,8.351150560415913,4.010849909584087
P3,391/243,2007-07-27,8.083519457341772,4.2784810126582276
P3,391/243,2007-08-30,8.076286184285715,4.285714285714285
P3,391/243,2007-09-20,8.069052911229658,4.292947558770343
P3,391/243,2007-10-26,8.090752730397831,4.2712477396021695
P3,391/243,2007-11-22,8.097986003453888,4.2640144665461115
P3,391/243,2007-12-20,8.12691909567812,4.235081374321879
P3,391/243,2008-01-24,8.177552007070524,4.184448462929476
P3,391/243,2008-02-21,8.264351283743219,4.097649186256781
P3,391/243,2008-03-26,8.220951645406872,4.141048824593128
P3,391/243,2008-04-24,8.409016744864378,3.9529837251356232
P3,391/243,2008-05-21,8.32945074124774,4.03254972875226
P3,391/243,2008-06-19,8.018419999837253,4.343580470162748
P3,391/243,2008-07-24,7.569957070361664,4.792043399638336
P3,391/243,2008-08-21,7.794188535099458,4.567811934900542
P3,391/243,2008-09-25,7.880987811772151,4.481012658227849
P3,391/243,2008-10-23,7.98948690761302,4.37251356238698
P3,391/243,2008-11-19,7.9677870884448465,4.394213381555153
P3,391/243,2008-12-19,7.996720180669078,4.365280289330922
P3,391/243,2009-01-28,8.199251826238699,4.162748643761301
P3,391/243,2009-02-26,8.524749113761303,3.8372513562386983
P3,391/243,2009-03-26,8.148618914846294,4.213381555153706
P3,391/243,2009-04-23,8.12691909567812,4.235081374321879
P3,391/243,2009-05-22,8.170318734014467,4.191681735985533
P3,391/243,2009-06-24,7.996720180669078,4.365280289330922
P3,391/243,2009-07-23,7.931620723164556,4.4303797468354436
P3,391/243,2009-08-21,7.714622531482822,4.647377938517178
P3,391/243,2009-09-24,7.82312162732369,4.53887884267631
P3,391/243,2009-10-30,7.924387450108499,4.437613019891501
P3,391/243,2009-11-19,7.996720180669078,4.365280289330922
P3,391/243,2009-12-22,8.148618914846294,4.213381555153706
P3,391/243,2010-01-26,8.980445316292947,3.3815551537070525
P3,391/243,2010-02-18,9.10341095824593,3.258589511754068
P3,391/243,2010-03-22,9.602506799113925,2.7594936708860756
P3,391/243,2010-04-23,9.559107160777577,2.802893309222423
P3,391/243,2010-05-24,8.871946220452081,3.49005424954792
P3,391/243,2010-06-24,8.756213851555154,3.6057866184448457
P3,391/243,2010-07-26,8.12691909567812,4.235081374321879
P3,391/243,2010-08-19,8.322217468191681,4.039783001808318
P3,391/243,2010-09-24,8.36561710652803,3.9963833634719705
P3,391/243,2010-10-18,8.358383833471972,4.003616636528029
P3,391/243,2010-11-11,8.49581602153707,3.8661844484629295
P3,391/243,2010-12-16,8.951512224068717,3.4104882459312833
P3,391/243,2011-01-17,9.624206618282098,2.737793851717902
P3,391/243,2011-02-07,9.508474249385172,2.853526220614828
P3,391/243,2011-03-07,9.696539348842677,2.665461121157324
P3,391/243,2011-04-11,9.392741880488245,2.969258589511754
P3,391/243,2011-05-05,9.624206618282098,2.737793851717902
P3,391/243,2011-06-09,9.284242784647379,3.077757685352622
P3,391/243,2011-07-07,8.756213851555154,3.6057866184448457
P3,391/243,2011-08-04,8.524749113761303,3.8372513562386983
P3,391/243,2011-09-12,8.618781663490054,3.7432188065099457
P3,391/243,2011-10-04,8.466882929312838,3.8951175406871608
P3,391/243,2011-11-14,8.886412766564195,3.4755877034358047
P3,391/243,2011-12-07,8.886412766564195,3.4755877034358047
P3,391/243,2012-01-05,8.871946220452081,3.49005424954792
P3,391/243,2012-02-02,8.871946220452081,3.49005424954792
P3,391/243,2012-03-05,8.510282567649186,3.8517179023508135
P3,391/243,2012-04-05,8.604315117377938,3.7576853526220613
P3,391/243,2012-05-09,8.582615298209765,3.779385171790235
P4,390/99,2017-10-01,-0.41396294296296277,2.087962962962963
P4,390/99,2017-11-01,-1.0297036837037037,2.7037037037037037
P4,390/99,2017-12-01,-0.47877775777777765,2.1527777777777777
P4,390/99,2018-01-02,-0.31674072074074044,1.9907407407407405
P4,390/99,2018-02-01,-0.12229627629629625,1.7962962962962963
P4,390/99,2018-03-01,0.39622224222222235,1.2777777777777777
P4,390/99,2018-04-02,0.7851111311111111,0.888888888888889
P4,390/99,2018-05-02,0.8175185385185185,0.8564814814814815
P4,390/99,2018-06-01,0.039740760740740955,1.634259259259259
P4,390/99,2018-07-02,0.39622224222222235,1.2777777777777777
P4,390/99,2018-08-01,-0.3815555355555553,2.0555555555555554
P4,390/99,2018-09-03,-0.6408147948148144,2.3148148148148144
P4,390/99,2018-10-01,-0.57599998,2.25
P4,390/99,2018-11-02,-0.4463703503703702,2.1203703703703702
P4,390/99,2018-12-03,-0.12229627629629625,1.7962962962962963
P4,390/99,2019-01-02,0.07214816814814795,1.601851851851852
P4,390/99,2019-02-01,0.39622224222222235,1.2777777777777777
P4,390/99,2019-03-01,0.2665926125925928,1.4074074074074072
P4,390/99,2019-04-01,0.5258518718518519,1.1481481481481481
P4,390/99,2019-05-01,0.5582592792592593,1.1157407407407407
P4,390/99,2019-06-03,-0.31674072074074044,1.9907407407407405
P4,390/99,2019-07-01,-0.3491481281481479,2.023148148148148
P4,390/99,2019-08-01,-0.6732222022222223,2.3472222222222223
P4,390/99,2019-09-02,0.39622224222222235,1.2777777777777777
P4,390/99,2019-10-01,-1.2889629429629628,2.962962962962963
P4,390/99,2019-11-04,-1.0297036837037037,2.7037037037037037
P4,390/99,2019-12-02,-0.835259239259259,2.509259259259259
P4,390/99,2020-01-02,0.007333353333333736,1.6666666666666663
P4,390/99,2020-02-03,0.007333353333333736,1.6666666666666663
P4,390/99,2020-03-02,0.007333353333333736,1.6666666666666663
P4,390/99,2020-04-01,0.4286296496296298,1.2453703703703702
P4,390/99,2020-05-04,-0.251925905925926,1.925925925925926
P4,390/99,2020-06-01,-0.12229627629629625,1.7962962962962963
P4,390/99,2020-07-01,-0.18711109111111113,1.8611111111111112
P4,390/99,2020-08-03,-0.5111851651851851,2.185185185185185
P4,390/99,2020-09-01,-1.0945184985185181,2.768518518518518
P4,390/99,2020-10-01,-0.9648888688888888,2.638888888888889
P4,390/99,2020-11-02,-0.6408147948148144,2.3148148148148144
P4,390/99,2020-12-02,-0.31674072074074044,1.9907407407407405
P4,390/99,2021-01-04,-0.4463703503703702,2.1203703703703702
P4,390/99,2021-02-01,-0.12229627629629625,1.7962962962962963
P4,390/99,2021-03-01,0.007333353333333736,1.6666666666666663
P4,390/99,2021-04-01,0.590666686666667,1.083333333333333
P4,390/99,2021-05-03,0.6554815014814814,1.0185185185185186
P4,390/99,2021-07-01,-0.7056296096296297,2.3796296296296298
P4,390/99,2021-08-02,-0.7704444244444446,2.4444444444444446
P4,390/99,2021-09-01,-0.9648888688888888,2.638888888888889
P4,390/99,2021-10-01,-0.15470368370370347,1.8287037037037035
P4,390/99,2021-11-02,-0.6084073874074074,2.2824074074074074
P4,390/99,2021-12-02,-0.15470368370370347,1.8287037037037035
P4,390/99,2022-01-03,-0.025074054074074148,1.6990740740740742
P4,390/99,2022-02-01,-0.12229627629629625,1.7962962962962963
P4,390/99,2022-03-01,0.07214816814814795,1.601851851851852
P4,390/99,2022-04-01,0.2665926125925928,1.4074074074074072
P4,390/99,2022-05-02,0.007333353333333736,1.6666666666666663
P4,390/99,2022-06-01,-0.3815555355555553,2.0555555555555554
P4,390/99,2022-07-01,-0.7380370170370372,2.412037037037037
P4,390/99,2022-08-01,-0.7056296096296297,2.3796296296296298
P4,390/99,2022-09-01,-0.6732222022222223,2.3472222222222223
P4,390/99,2023-01-02,0.2017777977777777,1.4722222222222223
P4,390/99,2023-02-01,0.3314074274074077,1.3425925925925923
P4,390/99,2023-03-01,0.590666686666667,1.083333333333333
P4,390/99,2023-04-03,-0.18711109111111113,1.8611111111111112
P4,390/99,2023-05-02,0.3314074274074077,1.3425925925925923
P4,390/99,2023-06-01,-0.18711109111111113,1.8611111111111112
P4,390/99,2023-07-03,-0.7056296096296297,2.3796296296296298
P4,390/99,2023-08-01,-1.418592572592592,3.092592592592592
P4,390/99,2023-09-01,-1.5482222022222214,3.2222222222222214
P4,390/99,2023-10-02,-1.483407387407407,3.157407407407407
P4,390/99,2023-11-02,-1.0297036837037037,2.7037037037037037
P4,390/99,2023-12-04,-0.6019259059259257,2.2759259259259257
P4,390/99,2024-01-02,-0.057481461481481366,1.7314814814814814
P4,390/99,2024-02-01,0.9471481681481482,0.7268518518518519
P4,390/99,2024-03-01,0.7202963162962964,0.9537037037037036
P4,390/99,2024-04-01,0.7527037237037039,0.9212962962962962
P4,390/99,2024-05-02,0.2406666866666669,1.4333333333333331
P4,390/99,2024-06-03,0.39622224222222235,1.2777777777777777
P4,390/99,2024-07-01,0.2017777977777777,1.4722222222222223
P4,390/99,2024-08-01,-1.807481461481481,3.481481481481481
P4,390/99,2024-09-02,-2.3259999799999997,4.0
P4,390/99,2025-01-02,-0.7056296096296297,2.3796296296296298
P4,390/99,2025-02-01,-0.3815555355555553,2.0555555555555554
P4,390/99,2025-03-01,0.461037057037037,1.212962962962963
P4,390/99,2025-05-01,1.17400002,0.5
P4,390/99,2025-06-01,0.5193703903703704,1.1546296296296297
P4,390/99,2025-07-01,-0.31674072074074044,1.9907407407407405
P4,390/99,2025-08-01,-0.9648888688888888,2.638888888888889
P4,390/99,2025-09-01,-1.483407387407407,3.157407407407407
P4,390/99,2025-10-01,-1.5093333133333335,3.1833333333333336
P4,390/99,2025-11-01,-0.9454444244444444,2.6194444444444445
P4,390/99,2025-12-01,-1.3537777577777776,3.0277777777777777
P4,390/99,2026-01-01,-0.835259239259259,2.509259259259259
P4,390/99,2026-02-01,-0.7704444244444446,2.4444444444444446
P4,390/99,2026-03-01,0.7202963162962964,0.9537037037037036
P5,377/94,1981-02-01,16.220655657256636,4.097345132743363
P5,377/94,1981-04-01,16.132160082035398,4.185840707964601
P5,377/94,1981-05-01,16.025965391769912,4.292035398230088
P5,377/94,1981-07-01,15.946319374070796,4.371681415929203
P5,377/94,1981-09-01,15.778177781150442,4.539823008849558
P5,377/94,1981-11-01,15.698531763451328,4.619469026548672
P5,377/94,1982-01-01,15.875522913893805,4.442477876106194
P5,377/94,1982-04-01,16.167558312123894,4.150442477876106
P5,377/94,1982-05-01,15.34454946256637,4.9734513274336285
P5,377/94,1982-09-01,15.84012468380531,4.47787610619469
P5,377/94,1982-10-01,15.716230878495574,4.601769911504425
P5,377/94,1982-11-01,15.574637958141592,4.743362831858407
P5,377/94,1983-12-01,15.769328223628317,4.548672566371681
P5,377/94,1984-01-01,15.946319374070796,4.371681415929203
P5,377/94,1984-02-01,16.079062736902653,4.238938053097345
P5,377/94,1984-03-01,16.20295654221239,4.11504424778761
P5,377/94,1984-04-01,16.167558312123894,4.150442477876106
P5,377/94,1984-05-01,16.0967618519469,4.221238938053097
P5,377/94,1984-06-01,15.875522913893805,4.442477876106194
P5,377/94,1984-07-01,15.831275126283185,4.486725663716815
P5,377/94,1984-10-01,15.725080436017699,4.592920353982301
P5,377/94,1984-11-01,15.787027338672566,4.530973451327434
P5,377/94,1984-12-01,15.59233707318584,4.725663716814159
P5,377/94,1985-01-01,15.75162910858407,4.566371681415929
P5,377/94,1985-02-01,16.052514064336282,4.265486725663717
P5,377/94,1985-04-01,16.565788400619468,3.752212389380531
P5,377/94,1985-05-01,16.831275126283185,3.486725663716814
P5,377/94,1985-07-01,16.627735303274335,3.6902654867256635
P5,377/94,1985-09-01,16.556938843097345,3.7610619469026547
P5,377/94,1985-10-01,16.49499194044248,3.8230088495575223
P5,377/94,1985-11-01,16.539239728053097,3.778761061946902
P5,377/94,1986-01-01,16.512691055486727,3.8053097345132745
P5,377/94,1986-02-01,16.698531763451328,3.619469026548672
P5,377/94,1986-03-01,16.946319374070796,3.3716814159292037
P5,377/94,1986-04-01,16.93746981654867,3.380530973451327
P5,377/94,1986-05-01,16.831275126283185,3.486725663716814
P5,377/94,1986-06-01,16.68083264840708,3.63716814159292
P5,377/94,1986-07-01,16.61003618823009,3.707964601769911
P5,377/94,1986-09-01,16.149859197079646,4.168141592920354
P5,377/94,1986-10-01,16.0967618519469,4.221238938053097
P5,377/94,1986-12-01,16.15870875460177,4.159292035398231
P5,377/94,1987-01-01,16.0967618519469,4.221238938053097
P5,377/94,1987-03-01,16.397646807699115,3.9203539823008846
P5,377/94,1987-05-01,16.441894595309734,3.8761061946902653
P5,377/94,1987-06-01,16.27375300238938,4.04424778761062
P5,377/94,1987-07-01,15.610036188230087,4.707964601769912
P5,377/94,1987-08-01,16.008266276725664,4.3097345132743365
P5,377/94,1987-09-01,16.04366450681416,4.274336283185841
P5,377/94,1987-10-01,16.18525742716814,4.132743362831858
P5,377/94,1987-11-01,16.22950521477876,4.0884955752212395
P5,377/94,1987-12-01,16.22950521477876,4.0884955752212395
P5,377/94,1988-01-01,16.760478666106195,3.557522123893805
P5,377/94,1988-02-01,16.93746981654867,3.380530973451327
P5,377/94,1988-03-01,17.052514064336282,3.265486725663717
P5,377/94,1988-05-01,17.008266276725664,3.3097345132743357
P5,377/94,1988-06-01,16.946319374070796,3.3716814159292037
P5,377/94,1988-07-01,16.742779551061947,3.575221238938053
P5,377/94,1988-08-01,16.716230878495576,3.6017699115044244
P5,377/94,1988-09-01,16.27375300238938,4.04424778761062
P5,377/94,1988-10-01,16.282602559911503,4.035398230088495
P5,377/94,1988-11-01,15.47729282539823,4.840707964601769
P5,377/94,1989-01-01,16.34454946256637,3.9734513274336285
P5,377/94,1989-03-01,15.654283975840707,4.663716814159292
P5,377/94,1989-04-01,16.0967618519469,4.221238938053097
P5,377/94,1989-05-01,16.149859197079646,4.168141592920354
P5,377/94,1989-06-01,16.008266276725664,4.3097345132743365
P5,377/94,1989-07-01,15.99941671920354,4.31858407079646
P5,377/94,1989-08-01,15.981717604159291,4.336283185840708
P5,377/94,1989-10-01,15.742779551061947,4.575221238938052
P5,377/94,1989-11-01,15.742779551061947,4.575221238938052
P5,377/94,1989-12-01,16.008266276725664,4.3097345132743365
P5,377/94,1990-01-01,16.804726453716814,3.5132743362831853
P5,377/94,1990-02-01,16.804726453716814,3.5132743362831853
P5,377/94,1990-03-01,16.89322202893805,3.4247787610619467
P5,377/94,1990-04-01,16.822425568761062,3.495575221238938
P5,377/94,1990-06-01,16.618885745752213,3.699115044247787
P5,377/94,1990-08-01,16.34454946256637,3.9734513274336285
P5,377/94,1990-10-01,16.18525742716814,4.132743362831858
P5,377/94,1990-11-01,16.220655657256636,4.097345132743363
P5,377/94,1991-01-01,16.149859197079646,4.168141592920354
P5,377/94,1991-02-01,16.18525742716814,4.132743362831858
P5,377/94,1991-03-01,16.326850347522125,3.991150442477876
P5,377/94,1991-04-01,16.52154061300885,3.7964601769911503
P5,377/94,1991-05-01,16.539239728053097,3.778761061946902
P5,377/94,1991-06-01,16.459593710353982,3.858407079646018
P5,377/94,1991-07-01,16.31800079,3.9999999999999996
P5,377/94,1991-09-01,16.0967618519469,4.221238938053097
P5,377/94,1991-12-01,15.919770701504424,4.398230088495575
P5,377/94,1992-01-01,15.919770701504424,4.398230088495575
P5,377/94,1992-02-01,15.831275126283185,4.486725663716815
P5,377/94,1992-03-01,15.698531763451328,4.619469026548672
P5,377/94,1992-05-01,15.548089285575221,4.769911504424778
P5,377/94,1992-06-01,15.530390170530973,4.787610619469026
P5,377/94,1992-07-01,15.610036188230087,4.707964601769912
P5,377/94,1993-01-01,15.34454946256637,4.9734513274336285
P5,377/94,1993-02-01,15.34454946256637,4.9734513274336285
P5,377/94,1993-08-01,15.220655657256637,5.097345132743362
P5,377/94,1993-10-01,15.034814949292034,5.283185840707964
P5,377/94,1993-11-01,15.043664506814158,5.274336283185841
P5,377/94,1994-04-01,15.38879725017699,4.929203539823009
P5,377/94,1999-12-01,15.450744152831858,4.867256637168142
P5,377/94,2000-01-01,15.282602559911505,5.035398230088495
P5,377/94,2000-02-01,15.211806099734513,5.106194690265486
P5,377/94,2000-03-01,15.194106984690265,5.123893805309734
P5,377/94,2000-04-01,15.238354772300884,5.0796460176991145
P5,377/94,2000-05-01,15.725080436017699,4.592920353982301
P5,377/94,2000-06-01,15.601186630707964,4.716814159292035
P5,377/94,2000-07-01,15.486142382920352,4.831858407079646
P5,377/94,2000-08-01,15.309151232477875,5.008849557522124
P5,377/94,2000-09-01,15.167558312123894,5.150442477876106
P5,377/94,2000-10-01,15.061363621858407,5.256637168141593
P5,377/94,2000-11-01,15.017115834247788,5.3008849557522115
P5,377/94,2000-12-01,15.397646807699115,4.920353982300885
P5,377/94,2001-01-22,16.31800079,4.0
P5,377/94,2001-02-05,16.43304503778761,3.8849557522123894
P5,377/94,2001-03-15,16.671983090884957,3.6460176991150437
P5,377/94,2001-05-18,16.45074415283186,3.8672566371681416
P5,377/94,2001-06-22,16.29145211743363,4.0265486725663715
P5,377/94,2001-07-19,16.0967618519469,4.221238938053098
P5,377/94,2002-04-10,16.238354772300884,4.079646017699115
P5,377/94,2002-06-12,16.034814949292034,4.283185840707965
P5,377/94,2002-07-05,15.972868046637167,4.345132743362832
P5,377/94,2003-05-25,16.716230878495576,3.6017699115044244
P5,377/94,2003-06-24,16.654283975840706,3.663716814159292
P5,377/94,2003-07-28,16.627735303274335,3.6902654867256635
P5,377/94,2003-08-19,16.22950521477876,4.0884955752212395
P5,377/94,2003-09-23,16.052514064336282,4.265486725663717
P5,377/94,2003-10-26,15.981717604159291,4.336283185840708
P5,377/94,2003-11-24,16.30030167495575,4.017699115044248
P5,377/94,2004-01-02,16.89322202893805,3.4247787610619467
P5,377/94,2004-09-09,15.955168931592919,4.3628318584070795
P5,377/94,2005-01-14,15.079062736902655,5.238938053097344
P5,377/94,2005-04-12,15.627735303274335,4.6902654867256635
P5,377/94,2005-05-09,15.610036188230088,4.707964601769911
P5,377/94,2005-06-06,15.565788400619468,4.7522123893805315
P5,377/94,2005-07-04,15.017115834247788,5.3008849557522115
P5,377/94,2005-08-11,15.43304503778761,4.88495575221239
P5,377/94,2005-09-12,15.397646807699115,4.920353982300885
P5,377/94,2006-01-12,15.256053887345132,5.061946902654867
P5,377/94,2006-02-09,15.264903444867256,5.053097345132743
P5,377/94,2006-03-09,15.238354772300884,5.0796460176991145
P5,377/94,2006-04-12,15.645434418318583,4.672566371681416
P5,377/94,2006-05-11,15.716230878495574,4.601769911504425
P5,377/94,2006-06-12,15.59233707318584,4.725663716814159
P5,377/94,2006-07-13,15.530390170530973,4.787610619469026
P5,377/94,2006-08-03,15.486142382920352,4.831858407079646
P5,377/94,2006-09-07,15.211806099734513,5.106194690265486
P5,377/94,2006-10-04,15.264903444867256,5.053097345132743
P5,377/94,2006-11-16,15.326850347522123,4.991150442477876
P5,377/94,2006-12-14,16.220655657256636,4.097345132743363
P5,377/94,2007-01-11,16.388797250176992,3.9292035398230087
P5,377/94,2007-02-12,16.256053887345132,4.061946902654867
P5,377/94,2007-03-16,16.335699905044248,3.982300884955752
P5,377/94,2007-04-19,16.247204329823006,4.070796460176991
P5,377/94,2007-05-22,16.079062736902653,4.238938053097345
P5,377/94,2007-06-13,16.017115834247786,4.300884955752212
P5,377/94,2007-07-12,15.902071586460178,4.4159292035398225
P5,377/94,2007-08-16,15.716230878495574,4.601769911504425
P5,377/94,2007-09-14,15.698531763451328,4.619469026548672
P5,377/94,2007-10-12,15.636584860796459,4.68141592920354
P5,377/94,2007-11-14,15.565788400619468,4.7522123893805315
P5,377/94,2007-12-10,15.521540613008849,4.79646017699115
P5,377/94,2008-01-10,15.47729282539823,4.840707964601769
P5,377/94,2008-02-14,15.459593710353982,4.8584070796460175
P5,377/94,2008-03-13,15.530390170530973,4.787610619469026
P5,377/94,2008-04-16,15.468443267876106,4.849557522123893
P5,377/94,2008-05-15,15.512691055486725,4.8053097345132745
P5,377/94,2008-06-18,15.441894595309734,4.876106194690266
P5,377/94,2008-07-17,15.379947692654866,4.938053097345133
P5,377/94,2008-08-14,15.362248577610618,4.955752212389381
P5,377/94,2008-09-11,15.18525742716814,5.132743362831858
P5,377/94,2008-10-21,15.300301674955751,5.017699115044248
P5,377/94,2008-11-13,15.282602559911505,5.035398230088495
P5,377/94,2008-12-10,15.238354772300884,5.0796460176991145
P5,377/94,2009-01-15,14.31800079,6.0
P5,377/94,2009-02-19,15.27375300238938,5.044247787610619
P5,377/94,2009-03-18,15.27375300238938,5.044247787610619
P5,377/94,2009-04-16,15.264903444867256,5.053097345132743
P5,377/94,2009-05-15,15.20295654221239,5.11504424778761
P5,377/94,2009-06-19,15.18525742716814,5.132743362831858
P5,377/94,2009-07-20,15.149859197079646,5.168141592920353
P5,377/94,2009-08-13,15.11446096699115,5.20353982300885
P5,377/94,2009-09-18,15.079062736902655,5.238938053097344
P5,377/94,2009-10-23,15.043664506814158,5.274336283185841
P5,377/94,2009-11-12,15.034814949292034,5.283185840707964
P5,377/94,2009-12-16,15.132160082035398,5.185840707964601
P5,377/94,2010-01-14,15.54808928557522,4.769911504424779
P5,377/94,2010-02-15,16.07021317938053,4.2477876106194685
P5,377/94,2010-03-12,16.990567161681415,3.327433628318584
P5,377/94,2010-04-16,17.034814949292034,3.283185840707964
P5,377/94,2010-05-12,17.052514064336282,3.265486725663717
P5,377/94,2010-06-07,16.84012468380531,3.47787610619469
P5,377/94,2010-07-08,16.733929993539824,3.5840707964601766
P5,377/94,2010-08-16,16.47729282539823,3.84070796460177
P5,377/94,2010-09-13,16.335699905044248,3.982300884955752
P5,377/94,2010-10-07,16.256053887345132,4.061946902654867
P5,377/94,2010-11-09,16.211806099734513,4.106194690265487
P5,377/94,2010-12-15,16.85782379884956,3.4601769911504423
P5,377/94,2011-01-10,17.335699905044248,2.9823008849557517
P5,377/94,2011-02-14,17.264903444867258,3.053097345132743
P5,377/94,2011-03-11,17.025965391769912,3.2920353982300883
P5,377/94,2011-04-19,17.31800079,3.0
P5,377/94,2011-05-11,17.379947692654866,2.9380530973451324
P5,377/94,2011-06-24,17.176407869646017,3.141592920353982
P5,377/94,2011-07-11,17.04366450681416,3.2743362831858405
P5,377/94,2011-08-23,16.733929993539824,3.5840707964601766
P5,377/94,2011-09-26,16.556938843097345,3.7610619469026547
P5,377/94,2011-10-27,16.379947692654866,3.9380530973451324
P5,377/94,2011-11-23,16.848974241327433,3.4690265486725664
P5,377/94,2011-12-23,16.875522913893803,3.4424778761061945
P5,377/94,2012-01-23,16.813576011238936,3.504424778761062
P5,377/94,2012-02-27,16.70738132097345,3.610619469026548
P5,377/94,2012-03-28,16.565788400619468,3.7522123893805306
P5,377/94,2012-04-24,16.406496365221237,3.911504424778761
P5,377/94,2012-05-31,16.282602559911503,4.035398230088496
P5,377/94,2012-07-20,16.123310524513272,4.1946902654867255
P5,377/94,2012-08-16,16.04366450681416,4.274336283185841
P5,377/94,2012-09-28,15.946319374070796,4.371681415929203
P5,377/94,2012-11-29,15.893222028938052,4.424778761061947
P5,377/94,2012-12-21,16.194106984690265,4.123893805309734
P5,377/94,2013-01-18,16.371098135132744,3.9469026548672566
P5,377/94,2013-02-27,16.52154061300885,3.7964601769911503
P5,377/94,2013-03-28,16.95516893159292,3.3628318584070795
P5,377/94,2013-04-30,17.07021317938053,3.2477876106194685
P5,377/94,2013-05-23,16.972868046637167,3.3451327433628313
P5,377/94,2013-06-28,16.689682205929202,3.6283185840707963
P5,377/94,2013-07-29,16.441894595309734,3.8761061946902653
P5,377/94,2013-08-27,16.29145211743363,4.0265486725663715
P5,377/94,2013-09-26,16.15870875460177,4.15929203539823
P5,377/94,2013-10-24,16.22950521477876,4.0884955752212395
P5,377/94,2013-11-25,16.397646807699115,3.9203539823008846
P5,377/94,2013-12-17,16.282602559911503,4.035398230088496
P5,377/94,2014-01-28,16.813576011238936,3.504424778761062
P5,377/94,2014-02-24,17.27375300238938,3.0442477876106193
P5,377/94,2014-05-09,17.601186630707964,2.7168141592920354
P5,377/94,2014-06-13,17.47729282539823,2.84070796460177
P5,377/94,2014-07-18,16.671983090884957,3.6460176991150437
P5,377/94,2014-08-28,16.45074415283186,3.8672566371681416
P5,377/94,2014-10-24,16.388797250176992,3.9292035398230087
P5,377/94,2014-11-27,16.716230878495576,3.6017699115044244
P5,377/94,2015-01-29,16.902071586460178,3.4159292035398225
P5,377/94,2015-02-26,16.88437247141593,3.433628318584071
P5,377/94,2015-03-20,16.79587689619469,3.5221238938053094
P5,377/94,2015-04-27,16.689682205929202,3.6283185840707963
P5,377/94,2015-05-29,16.601186630707964,3.716814159292035
P5,377/94,2015-06-25,16.5038414979646,3.8141592920353986
P5,377/94,2015-07-31,16.459593710353982,3.8584070796460175
P5,377/94,2015-08-28,16.406496365221237,3.911504424778761
P5,377/94,2016-02-26,16.654283975840706,3.663716814159292
P5,377/94,2016-04-29,16.618885745752213,3.699115044247787
P5,377/94,2016-05-31,16.716230878495576,3.6017699115044244
P5,377/94,2016-06-29,16.610036188230087,3.7079646017699113
P5,377/94,2016-07-28,16.574637958141594,3.743362831858407
P5,377/94,2016-08-30,16.512691055486727,3.8053097345132745
P5,377/94,2016-10-27,16.47729282539823,3.84070796460177
P5,377/94,2016-11-30,16.49499194044248,3.823008849557522
P5,377/94,2016-12-29,16.760478666106195,3.557522123893805
P5,377/94,2017-01-20,16.733929993539824,3.5840707964601766
P5,377/94,2017-02-22,16.760478666106195,3.557522123893805
P5,377/94,2017-03-28,16.70738132097345,3.610619469026548
P5,377/94,2017-04-27,16.716230878495576,3.6017699115044244
P5,377/94,2017-05-30,16.698531763451328,3.619469026548672
P5,377/94,2017-06-28,16.574637958141594,3.743362831858407
P5,377/94,2017-07-26,16.459593710353982,3.8584070796460175
P5,377/94,2017-08-29,16.379947692654866,3.9380530973451324
P5,377/94,2017-10-29,16.34454946256637,3.973451327433628
P5,377/94,2017-11-29,16.309151232477873,4.008849557522124
P5,377/94,2017-12-28,16.30030167495575,4.017699115044248
P5,377/94,2018-01-30,16.264903444867258,4.053097345132743
P5,377/94,2018-02-27,16.247204329823006,4.070796460176991
P5,377/94,2018-03-29,16.654283975840706,3.663716814159292
P5,377/94,2018-04-26,16.698531763451328,3.619469026548672
P5,377/94,2018-05-29,16.645434418318583,3.6725663716814156
P5,377/94,2018-06-28,16.565788400619468,3.7522123893805306
P5,377/94,2018-07-31,16.424195480265485,3.893805309734513
P5,377/94,2018-08-30,16.31800079,4.0
P5,377/94,2018-10-26,16.15870875460177,4.15929203539823
P5,377/94,2018-12-07,16.406496365221237,3.911504424778761
P5,377/94,2019-01-04,16.424195480265485,3.893805309734513
P5,377/94,2019-02-01,16.406496365221237,3.911504424778761
P5,377/94,2019-03-28,16.309151232477873,4.008849557522124
P5,377/94,2019-04-30,16.220655657256636,4.097345132743363
P5,377/94,2019-05-28,16.20295654221239,4.11504424778761
P5,377/94,2019-06-28,16.68083264840708,3.63716814159292
P5,377/94,2019-07-26,16.990567161681415,3.327433628318584
P5,377/94,2019-09-20,16.804726453716814,3.5132743362831858
P5,377/94,2020-01-30,16.760478666106195,3.557522123893805
P5,377/94,2020-02-28,16.716230878495576,3.6017699115044244
P5,377/94,2020-04-29,16.539239728053097,3.778761061946903
P5,377/94,2020-06-26,16.406496365221237,3.911504424778761
P5,377/94,2020-08-28,16.22950521477876,4.0884955752212395
P5,377/94,2020-09-30,16.11446096699115,4.20353982300885
P5,377/94,2020-10-29,16.123310524513272,4.1946902654867255
P5,377/94,2020-11-27,16.20295654221239,4.11504424778761
P5,377/94,2021-01-26,16.29145211743363,4.0265486725663715
P5,377/94,2021-02-26,16.610036188230087,3.7079646017699113
P5,377/94,2021-03-30,16.822425568761062,3.495575221238938
P5,377/94,2021-04-28,16.689682205929202,3.6283185840707963
P5,377/94,2021-05-27,16.645434418318583,3.6725663716814156
P5,377/94,2021-06-25,16.574637958141594,3.743362831858407
P5,377/94,2021-07-30,16.49499194044248,3.823008849557522
P5,377/94,2021-08-26,16.43304503778761,3.8849557522123894
P5,377/94,2021-09-30,16.388797250176992,3.9292035398230087
P5,377/94,2021-10-28,16.353399020088496,3.9646017699115044
P5,377/94,2021-12-29,16.309151232477873,4.008849557522124
P5,377/94,2022-01-28,16.34454946256637,3.973451327433628
P5,377/94,2022-02-28,16.247204329823006,4.070796460176991
P5,377/94,2022-03-31,16.238354772300884,4.079646017699115
P5,377/94,2022-04-28,16.601186630707964,3.716814159292035
P5,377/94,2022-05-27,16.716230878495576,3.6017699115044244
P5,377/94,2022-06-30,16.70738132097345,3.610619469026548
P5,377/94,2022-07-29,16.583487515663716,3.7345132743362828
P5,377/94,2022-08-30,16.539239728053097,3.778761061946903
P5,377/94,2022-10-28,16.353399020088496,3.9646017699115044
P5,377/94,2022-11-29,16.31800079,4.0
P5,377/94,2023-01-24,17.256053887345132,3.061946902654867
P5,377/94,2023-02-23,17.105611409469027,3.212389380530973
P5,377/94,2023-04-05,16.95516893159292,3.3628318584070795
P5,377/94,2023-04-28,16.86667335637168,3.451327433628318
P5,377/94,2023-05-25,16.778177781150443,3.5398230088495573
P5,377/94,2023-06-29,16.671983090884957,3.6460176991150437
P5,377/94,2023-07-13,16.627735303274335,3.6902654867256635
P5,377/94,2023-08-17,16.52154061300885,3.7964601769911503
P5,377/94,2023-09-15,16.583487515663716,3.7345132743362828
P5,377/94,2023-10-20,16.49499194044248,3.823008849557522
P5,377/94,2023-11-16,16.565788400619468,3.7522123893805306
P5,377/94,2023-11-29,16.54808928557522,3.7699115044247784
P5,377/94,2023-12-07,16.565788400619468,3.7522123893805306
P5,377/94,2024-01-25,16.760478666106195,3.557522123893805
P5,377/94,2024-02-15,16.79587689619469,3.5221238938053094
P5,377/94,2024-03-08,16.831275126283185,3.486725663716814
P5,377/94,2024-04-05,16.972868046637167,3.3451327433628313
P5,377/94,2024-05-03,16.9109211439823,3.407079646017699
P5,377/94,2024-06-06,16.79587689619469,3.5221238938053094
P5,377/94,2024-07-11,16.689682205929202,3.6283185840707963
P5,377/94,2024-08-02,16.63658486079646,3.6814159292035393
P5,377/94,2024-09-09,16.539239728053097,3.778761061946903
P5,377/94,2024-10-04,16.512691055486727,3.8053097345132745
P5,377/94,2024-11-07,16.539239728053097,3.778761061946903
P5,377/94,2024-12-12,16.574637958141594,3.743362831858407
P5,377/94,2025-01-16,16.468443267876104,3.849557522123894
P5,377/94,2025-02-13,16.813576011238936,3.504424778761062
P5,377/94,2025-03-19,17.31800079,3.0
P5,377/94,2025-04-10,17.539239728053097,2.7787610619469025
P5,377/94,2025-05-14,17.5038414979646,2.814159292035398
P5,377/94,2025-06-27,17.29145211743363,3.0265486725663715
P5,377/94,2025-07-24,17.18525742716814,3.1327433628318584
P5,377/94,2025-08-08,17.11446096699115,3.2035398230088497
P5,377/94,2025-09-18,16.95516893159292,3.3628318584070795
P5,377/94,2025-10-23,16.86667335637168,3.451327433628318
P5,377/94,2025-12-18,17.981717604159293,2.336283185840708
P5,377/94,2026-01-22,18.220655657256636,2.0973451327433628
P5,377/94,2026-02-27,18.31800079,2.0
P5,377/94,2026-04-24,17.86667335637168,2.4513274336283186
P6,377/94,1981-02-01,15.796983090884956,4.146017699115044
P6,377/94,1981-04-01,15.664239728053097,4.278761061946902
P6,377/94,1981-05-01,15.504947692654866,4.438053097345133
P6,377/94,1981-07-01,15.385478666106195,4.557522123893804
P6,377/94,1981-09-01,15.133266276725664,4.809734513274336
P6,377/94,1981-11-01,15.013797250176992,4.929203539823008
P6,377/94,1982-01-01,15.279283975840707,4.663716814159292
P6,377/94,1982-04-01,15.71733707318584,4.225663716814159
P6,377/94,1982-05-01,14.482823798849555,5.460176991150443
P6,377/94,1982-09-01,15.226186630707964,4.716814159292035
P6,377/94,1982-10-01,15.040345922743363,4.902654867256636
P6,377/94,1982-11-01,14.82795654221239,5.11504424778761
P6,377/94,1983-12-01,15.119991940442478,4.823008849557522
P6,377/94,1984-01-01,15.385478666106195,4.557522123893804
P6,377/94,1984-02-01,15.584593710353982,4.3584070796460175
P6,377/94,1984-03-01,15.770434418318583,4.172566371681415
P6,377/94,1984-04-01,15.71733707318584,4.225663716814159
P6,377/94,1984-05-01,15.611142382920354,4.331858407079645
P6,377/94,1984-06-01,15.279283975840707,4.663716814159292
P6,377/94,1984-07-01,15.212912294424777,4.730088495575222
P6,377/94,1984-10-01,15.053620259026548,4.889380530973451
P6,377/94,1984-11-01,15.146540613008849,4.79646017699115
P6,377/94,1984-12-01,14.854505214778762,5.088495575221239
P6,377/94,1985-01-01,15.093443267876106,4.849557522123893
P6,377/94,1985-02-01,15.544770701504424,4.398230088495575
P6,377/94,1985-04-01,16.314682205929202,3.6283185840707963
P6,377/94,1985-05-01,16.71291229442478,3.230088495575221
P6,377/94,1985-07-01,16.407602559911503,3.535398230088495
P6,377/94,1985-09-01,16.301407869646017,3.641592920353982
P6,377/94,1985-10-01,16.208487515663716,3.7345132743362837
P6,377/94,1985-11-01,16.274859197079646,3.6681415929203536
P6,377/94,1986-01-01,16.235036188230087,3.7079646017699113
P6,377/94,1986-02-01,16.513797250176992,3.4292035398230083
P6,377/94,1986-03-01,16.885478666106195,3.057522123893805
P6,377/94,1986-04-01,16.87220432982301,3.070796460176991
P6,377/94,1986-05-01,16.71291229442478,3.230088495575221
P6,377/94,1986-06-01,16.487248577610618,3.4557522123893802
P6,377/94,1986-07-01,16.381053887345132,3.5619469026548662
P6,377/94,1986-09-01,15.690788400619468,4.2522123893805315
P6,377/94,1986-10-01,15.611142382920354,4.331858407079645
P6,377/94,1986-12-01,15.704062736902653,4.238938053097345
P6,377/94,1987-01-01,15.611142382920354,4.331858407079645
P6,377/94,1987-03-01,16.06246981654867,3.880530973451327
P6,377/94,1987-05-01,16.1288414979646,3.814159292035398
P6,377/94,1987-06-01,15.87662910858407,4.06637168141593
P6,377/94,1987-07-01,14.881053887345132,5.061946902654867
P6,377/94,1987-08-01,15.478399020088496,4.464601769911504
P6,377/94,1987-09-01,15.531496365221239,4.4115044247787605
P6,377/94,1987-10-01,15.743885745752213,4.199115044247788
P6,377/94,1987-11-01,15.81025742716814,4.132743362831858
P6,377/94,1987-12-01,15.81025742716814,4.132743362831858
P6,377/94,1988-01-01,16.606717604159293,3.336283185840708
P6,377/94,1988-02-01,16.87220432982301,3.070796460176991
P6,377/94,1988-03-01,17.044770701504426,2.898230088495575
P6,377/94,1988-05-01,16.978399020088496,2.964601769911504
P6,377/94,1988-06-01,16.885478666106195,3.057522123893805
P6,377/94,1988-07-01,16.58016893159292,3.3628318584070795
P6,377/94,1988-08-01,16.540345922743363,3.402654867256637
P6,377/94,1988-09-01,15.87662910858407,4.06637168141593
P6,377/94,1988-10-01,15.889903444867256,4.053097345132743
P6,377/94,1988-11-01,14.681938843097345,5.261061946902654
P6,377/94,1989-01-01,15.982823798849557,3.9601769911504427
P6,377/94,1989-03-01,14.947425568761062,4.995575221238937
P6,377/94,1989-04-01,15.611142382920354,4.331858407079645
P6,377/94,1989-05-01,15.690788400619468,4.2522123893805315
P6,377/94,1989-06-01,15.478399020088496,4.464601769911504
P6,377/94,1989-07-01,15.465124683805309,4.477876106194691
P6,377/94,1989-08-01,15.438576011238938,4.504424778761061
P6,377/94,1989-10-01,15.080168931592919,4.8628318584070795
P6,377/94,1989-11-01,15.080168931592919,4.8628318584070795
P6,377/94,1989-12-01,15.478399020088496,4.464601769911504
P6,377/94,1990-01-01,16.673089285575223,3.269911504424778
P6,377/94,1990-02-01,16.673089285575223,3.269911504424778
P6,377/94,1990-03-01,16.80583264840708,3.13716814159292
P6,377/94,1990-04-01,16.699637958141594,3.2433628318584065
P6,377/94,1990-06-01,16.394328223628317,3.5486725663716805
P6,377/94,1990-08-01,15.982823798849557,3.9601769911504427
P6,377/94,1990-10-01,15.743885745752213,4.199115044247788
P6,377/94,1990-11-01,15.796983090884956,4.146017699115044
P6,377/94,1991-01-01,15.690788400619468,4.2522123893805315
P6,377/94,1991-02-01,15.743885745752213,4.199115044247788
P6,377/94,1991-03-01,15.956275126283185,3.986725663716814
P6,377/94,1991-04-01,16.248310524513272,3.6946902654867255
P6,377/94,1991-05-01,16.274859197079646,3.6681415929203536
P6,377/94,1991-06-01,16.15539017053097,3.787610619469027
P6,377/94,1991-07-01,15.94300079,3.9999999999999996
P6,377/94,1991-09-01,15.611142382920354,4.331858407079645
P6,377/94,1991-12-01,15.345655657256637,4.597345132743362
P6,377/94,1992-01-01,15.345655657256637,4.597345132743362
P6,377/94,1992-02-01,15.212912294424777,4.730088495575222
P6,377/94,1992-03-01,15.013797250176992,4.929203539823008
P6,377/94,1992-05-01,14.788133533362831,5.154867256637168
P6,377/94,1992-06-01,14.761584860796459,5.18141592920354
P6,377/94,1992-07-01,14.881053887345132,5.061946902654867
P6,377/94,1993-01-01,14.482823798849555,5.460176991150443
P6,377/94,1993-02-01,14.482823798849555,5.460176991150443
P6,377/94,1993-08-01,14.296983090884956,5.646017699115044
P6,377/94,1993-10-01,14.018222028938053,5.924778761061946
P6,377/94,1993-11-01,14.031496365221237,5.911504424778761
P6,377/94,1994-04-01,14.549195480265485,5.393805309734513
P6,377/94,1999-12-01,14.642115834247786,5.300884955752212
P6,377/94,2000-01-01,14.389903444867256,5.553097345132743
P6,377/94,2000-02-01,14.283708754601768,5.65929203539823
P6,377/94,2000-03-01,14.257160082035398,5.685840707964601
P6,377/94,2000-04-01,14.323531763451328,5.619469026548672
P6,377/94,2000-05-01,15.053620259026548,4.889380530973451
P6,377/94,2000-06-01,14.867779551061947,5.075221238938053
P6,377/94,2000-07-01,14.69521317938053,5.247787610619469
P6,377/94,2000-08-01,14.429726453716814,5.513274336283185
P6,377/94,2000-09-01,14.21733707318584,5.725663716814159
P6,377/94,2000-10-01,14.058045037787611,5.884955752212389
P6,377/94,2000-11-01,13.991673356371681,5.951327433628318
P6,377/94,2000-12-01,14.562469816548672,5.380530973451327
P6,377/94,2001-01-22,15.94300079,4.0
P6,377/94,2001-02-05,16.115567161681415,3.827433628318584
P6,377/94,2001-03-15,16.473974241327433,3.469026548672566
P6,377/94,2001-05-18,16.142115834247786,3.8008849557522124
P6,377/94,2001-06-22,15.903177781150442,4.039823008849558
P6,377/94,2001-07-19,15.611142382920352,4.331858407079646
P6,377/94,2002-04-10,15.823531763451326,4.119469026548673
P6,377/94,2002-06-12,15.518222028938052,4.424778761061947
P6,377/94,2002-07-05,15.425301674955753,4.5176991150442465
P6,377/94,2003-05-25,16.540345922743363,3.402654867256637
P6,377/94,2003-06-24,16.447425568761062,3.4955752212389375
P6,377/94,2003-07-28,16.407602559911503,3.535398230088495
P6,377/94,2003-08-19,15.81025742716814,4.132743362831858
P6,377/94,2003-09-23,15.544770701504424,4.398230088495575
P6,377/94,2003-10-26,15.438576011238938,4.504424778761061
P6,377/94,2003-11-24,15.916452117433629,4.0265486725663715
P6,377/94,2004-01-02,16.80583264840708,3.13716814159292
P6,377/94,2004-09-09,15.39875300238938,4.544247787610619
P6,377/94,2005-01-14,14.084593710353982,5.8584070796460175
P6,377/94,2005-04-12,14.907602559911503,5.035398230088496
P6,377/94,2005-05-09,14.881053887345132,5.061946902654867
P6,377/94,2005-06-06,14.814682205929202,5.128318584070797
P6,377/94,2005-07-04,13.991673356371681,5.951327433628318
P6,377/94,2005-08-11,14.615567161681415,5.327433628318584
P6,377/94,2005-09-12,14.562469816548672,5.380530973451327
P6,377/94,2006-01-12,14.350080436017699,5.5929203539823
P6,377/94,2006-02-09,14.363354772300884,5.579646017699115
P6,377/94,2006-03-09,14.323531763451328,5.619469026548672
P6,377/94,2006-04-12,14.934151232477875,5.008849557522124
P6,377/94,2006-05-11,15.040345922743363,4.902654867256636
P6,377/94,2006-06-12,14.854505214778762,5.088495575221239
P6,377/94,2006-07-13,14.76158486079646,5.181415929203539
P6,377/94,2006-08-03,14.69521317938053,5.247787610619469
P6,377/94,2006-09-07,14.283708754601768,5.65929203539823
P6,377/94,2006-10-04,14.363354772300884,5.579646017699115
P6,377/94,2006-11-16,14.456275126283185,5.486725663716814
P6,377/94,2006-12-14,15.796983090884956,4.146017699115044
P6,377/94,2007-01-11,16.049195480265485,3.8938053097345136
P6,377/94,2007-02-12,15.850080436017699,4.092920353982301
P6,377/94,2007-03-16,15.96954946256637,3.9734513274336285
P6,377/94,2007-04-19,15.836806099734513,4.106194690265487
P6,377/94,2007-05-22,15.584593710353982,4.3584070796460175
P6,377/94,2007-06-13,15.491673356371681,4.451327433628318
P6,377/94,2007-07-12,15.319106984690265,4.623893805309734
P6,377/94,2007-08-16,15.040345922743363,4.902654867256636
P6,377/94,2007-09-14,15.013797250176992,4.929203539823008
P6,377/94,2007-10-12,14.92087689619469,5.022123893805309
P6,377/94,2007-11-14,14.814682205929202,5.128318584070797
P6,377/94,2007-12-10,14.748310524513274,5.1946902654867255
P6,377/94,2008-01-10,14.681938843097345,5.261061946902654
P6,377/94,2008-02-14,14.655390170530973,5.287610619469026
P6,377/94,2008-03-13,14.76158486079646,5.181415929203539
P6,377/94,2008-04-16,14.66866450681416,5.27433628318584
P6,377/94,2008-05-15,14.735036188230088,5.207964601769911
P6,377/94,2008-06-18,14.6288414979646,5.314159292035398
P6,377/94,2008-07-17,14.5359211439823,5.407079646017699
P6,377/94,2008-08-14,14.50937247141593,5.433628318584071
P6,377/94,2008-09-11,14.243885745752213,5.699115044247788
P6,377/94,2008-10-21,14.416452117433629,5.5265486725663715
P6,377/94,2008-11-13,14.389903444867256,5.553097345132743
P6,377/94,2008-12-10,14.323531763451328,5.619469026548672
P6,377/94,2009-01-15,12.94300079,7.0
P6,377/94,2009-02-19,14.37662910858407,5.566371681415929
P6,377/94,2009-03-18,14.37662910858407,5.566371681415929
P6,377/94,2009-04-16,14.363354772300884,5.579646017699115
P6,377/94,2009-05-15,14.270434418318583,5.672566371681416
P6,377/94,2009-06-19,14.243885745752213,5.699115044247788
P6,377/94,2009-07-20,14.190788400619468,5.752212389380531
P6,377/94,2009-08-13,14.137691055486727,5.805309734513274
P6,377/94,2009-09-18,14.084593710353982,5.8584070796460175
P6,377/94,2009-10-23,14.031496365221237,5.911504424778761
P6,377/94,2009-11-12,14.018222028938053,5.924778761061946
P6,377/94,2009-12-16,14.164239728053097,5.778761061946902
P6,377/94,2010-01-14,14.788133533362831,5.154867256637168
P6,377/94,2010-02-15,15.571319374070796,4.371681415929203
P6,377/94,2010-03-12,16.951850347522125,2.991150442477876
P6,377/94,2010-04-16,17.01822202893805,2.9247787610619467
P6,377/94,2010-05-12,17.044770701504426,2.898230088495575
P6,377/94,2010-06-07,16.726186630707964,3.216814159292035
P6,377/94,2010-07-08,16.566894595309734,3.376106194690265
P6,377/94,2010-08-16,16.181938843097345,3.7610619469026547
P6,377/94,2010-09-13,15.96954946256637,3.9734513274336285
P6,377/94,2010-10-07,15.850080436017699,4.092920353982301
P6,377/94,2010-11-09,15.783708754601768,4.15929203539823
P6,377/94,2010-12-15,16.752735303274335,3.190265486725663
P6,377/94,2011-01-10,17.46954946256637,2.473451327433628
P6,377/94,2011-02-14,17.363354772300884,2.5796460176991145
P6,377/94,2011-03-11,17.004947692654866,2.9380530973451324
P6,377/94,2011-04-19,17.44300079,2.5
P6,377/94,2011-05-11,17.5359211439823,2.407079646017699
P6,377/94,2011-06-24,17.230611409469027,2.712389380530973
P6,377/94,2011-07-11,17.031496365221237,2.911504424778761
P6,377/94,2011-08-23,16.566894595309734,3.376106194690265
P6,377/94,2011-09-26,16.301407869646017,3.641592920353982
P6,377/94,2011-10-27,16.0359211439823,3.907079646017699
P6,377/94,2011-11-23,16.73946096699115,3.203539823008849
P6,377/94,2011-12-23,16.77928397584071,3.1637168141592915
P6,377/94,2012-01-23,16.686363621858405,3.2566371681415927
P6,377/94,2012-02-27,16.527071586460178,3.4159292035398225
P6,377/94,2012-03-28,16.314682205929202,3.628318584070796
P6,377/94,2012-04-24,16.07574415283186,3.8672566371681416
P6,377/94,2012-05-31,15.889903444867256,4.053097345132743
P6,377/94,2012-07-20,15.650965391769912,4.292035398230087
P6,377/94,2012-08-16,15.531496365221239,4.4115044247787605
P6,377/94,2012-09-28,15.385478666106193,4.557522123893806
P6,377/94,2012-11-29,15.30583264840708,4.6371681415929205
P6,377/94,2012-12-21,15.757160082035398,4.185840707964601
P6,377/94,2013-01-18,16.022646807699115,3.920353982300885
P6,377/94,2013-02-27,16.248310524513272,3.6946902654867255
P6,377/94,2013-03-28,16.89875300238938,3.044247787610619
P6,377/94,2013-04-30,17.071319374070796,2.8716814159292032
P6,377/94,2013-05-23,16.92530167495575,3.0176991150442474
P6,377/94,2013-06-28,16.500522913893803,3.442477876106194
P6,377/94,2013-07-29,16.1288414979646,3.814159292035398
P6,377/94,2013-08-27,15.903177781150442,4.039823008849558
P6,377/94,2013-09-26,15.704062736902655,4.238938053097344
P6,377/94,2013-10-24,15.81025742716814,4.132743362831858
P6,377/94,2013-11-25,16.06246981654867,3.880530973451327
P6,377/94,2013-12-17,15.889903444867256,4.053097345132743
P6,377/94,2014-01-28,16.686363621858405,3.2566371681415927
P6,377/94,2014-02-24,17.37662910858407,2.566371681415929
P6,377/94,2014-05-09,17.867779551061947,2.0752212389380533
P6,377/94,2014-06-13,17.681938843097345,2.2610619469026547
P6,377/94,2014-07-18,16.473974241327433,3.469026548672566
P6,377/94,2014-08-28,16.142115834247786,3.8008849557522124
P6,377/94,2014-10-24,16.049195480265485,3.8938053097345136
P6,377/94,2014-11-27,16.540345922743363,3.402654867256637
P6,377/94,2015-01-29,16.819106984690265,3.1238938053097343
P6,377/94,2015-02-26,16.792558312123894,3.1504424778761058
P6,377/94,2015-03-20,16.659814949292034,3.2831858407079646
P6,377/94,2015-04-27,16.500522913893803,3.442477876106194
P6,377/94,2015-05-29,16.367779551061947,3.5752212389380524
P6,377/94,2015-06-25,16.2217618519469,3.721238938053097
P6,377/94,2015-07-31,16.15539017053097,3.7876106194690267
P6,377/94,2015-08-28,16.07574415283186,3.8672566371681416
P6,377/94,2016-02-26,16.447425568761062,3.4955752212389375
P6,377/94,2016-04-29,16.394328223628317,3.5486725663716805
P6,377/94,2016-05-31,16.540345922743363,3.402654867256637
P6,377/94,2016-06-29,16.381053887345132,3.561946902654867
P6,377/94,2016-07-28,16.327956542212387,3.6150442477876106
P6,377/94,2016-08-30,16.235036188230087,3.7079646017699113
P6,377/94,2016-10-27,16.181938843097345,3.7610619469026547
P6,377/94,2016-11-30,16.208487515663716,3.7345132743362828
P6,377/94,2016-12-29,16.606717604159293,3.336283185840708
P6,377/94,2017-01-20,16.566894595309734,3.376106194690265
P6,377/94,2017-02-22,16.606717604159293,3.336283185840708
P6,377/94,2017-03-28,16.527071586460178,3.4159292035398225
P6,377/94,2017-04-27,16.540345922743363,3.402654867256637
P6,377/94,2017-05-30,16.513797250176992,3.4292035398230083
P6,377/94,2017-06-28,16.327956542212387,3.6150442477876106
P6,377/94,2017-07-26,16.15539017053097,3.7876106194690267
P6,377/94,2017-08-29,16.0359211439823,3.907079646017699
P6,377/94,2017-10-29,15.982823798849557,3.960176991150442
P6,377/94,2017-11-29,15.929726453716814,4.013274336283185
P6,377/94,2017-12-28,15.916452117433629,4.0265486725663715
P6,377/94,2018-01-30,15.863354772300884,4.079646017699115
P6,377/94,2018-02-27,15.836806099734513,4.106194690265487
P6,377/94,2018-03-29,16.447425568761062,3.4955752212389375
P6,377/94,2018-04-26,16.513797250176992,3.4292035398230083
P6,377/94,2018-05-29,16.434151232477877,3.5088495575221237
P6,377/94,2018-06-28,16.314682205929202,3.628318584070796
P6,377/94,2018-07-31,16.10229282539823,3.8407079646017697
P6,377/94,2018-08-30,15.94300079,4.0
P6,377/94,2018-10-26,15.704062736902655,4.238938053097344
P6,377/94,2018-12-07,16.07574415283186,3.8672566371681416
P6,377/94,2019-01-04,16.10229282539823,3.8407079646017697
P6,377/94,2019-02-01,16.07574415283186,3.8672566371681416
P6,377/94,2019-03-28,15.929726453716814,4.013274336283185
P6,377/94,2019-04-30,15.796983090884956,4.146017699115044
P6,377/94,2019-05-28,15.770434418318583,4.172566371681416
P6,377/94,2019-06-28,16.487248577610618,3.4557522123893802
P6,377/94,2019-07-26,16.951850347522125,2.991150442477876
P6,377/94,2019-09-20,16.67308928557522,3.2699115044247784
P6,377/94,2020-01-30,16.606717604159293,3.336283185840708
P6,377/94,2020-02-28,16.540345922743363,3.402654867256637
P6,377/94,2020-04-29,16.274859197079646,3.668141592920354
P6,377/94,2020-06-26,16.07574415283186,3.8672566371681416
P6,377/94,2020-08-28,15.81025742716814,4.132743362831858
P6,377/94,2020-09-30,15.637691055486725,4.3053097345132745
P6,377/94,2020-10-29,15.650965391769912,4.292035398230087
P6,377/94,2020-11-27,15.770434418318583,4.172566371681416
P6,377/94,2021-01-26,15.903177781150442,4.039823008849558
P6,377/94,2021-02-26,16.381053887345132,3.561946902654867
P6,377/94,2021-03-30,16.699637958141594,3.243362831858407
P6,377/94,2021-04-28,16.500522913893803,3.442477876106194
P6,377/94,2021-05-27,16.434151232477877,3.5088495575221237
P6,377/94,2021-06-25,16.327956542212387,3.6150442477876106
P6,377/94,2021-07-30,16.208487515663716,3.7345132743362828
P6,377/94,2021-08-26,16.115567161681415,3.827433628318584
P6,377/94,2021-09-30,16.049195480265485,3.8938053097345136
P6,377/94,2021-10-28,15.996098135132742,3.9469026548672566
P6,377/94,2021-12-29,15.929726453716814,4.013274336283185
P6,377/94,2022-01-28,15.982823798849557,3.960176991150442
P6,377/94,2022-02-28,15.836806099734513,4.106194690265487
P6,377/94,2022-03-31,15.823531763451326,4.119469026548673
P6,377/94,2022-04-28,16.367779551061947,3.5752212389380524
P6,377/94,2022-05-27,16.540345922743363,3.402654867256637
P6,377/94,2022-06-30,16.527071586460178,3.4159292035398225
P6,377/94,2022-07-29,16.341230878495576,3.601769911504424
P6,377/94,2022-08-30,16.274859197079646,3.668141592920354
P6,377/94,2022-10-28,15.996098135132742,3.9469026548672566
P6,377/94,2022-11-29,15.94300079,4.0
P6,377/94,2023-01-24,17.3500804360177,2.5929203539823007
P6,377/94,2023-02-23,17.124416719203538,2.81858407079646
P6,377/94,2023-04-05,16.89875300238938,3.044247787610619
P6,377/94,2023-04-28,16.76600963955752,3.1769911504424777
P6,377/94,2023-05-25,16.633266276725664,3.309734513274336
P6,377/94,2023-06-29,16.473974241327433,3.469026548672566
P6,377/94,2023-07-13,16.407602559911503,3.535398230088495
P6,377/94,2023-08-17,16.248310524513272,3.6946902654867255
P6,377/94,2023-09-15,16.341230878495576,3.601769911504424
P6,377/94,2023-10-20,16.208487515663716,3.7345132743362828
P6,377/94,2023-11-16,16.314682205929202,3.628318584070796
P6,377/94,2023-11-29,16.28813353336283,3.6548672566371674
P6,377/94,2023-12-07,16.314682205929202,3.628318584070796
P6,377/94,2024-01-25,16.606717604159293,3.336283185840708
P6,377/94,2024-02-15,16.659814949292034,3.2831858407079646
P6,377/94,2024-03-08,16.71291229442478,3.230088495575221
P6,377/94,2024-04-05,16.92530167495575,3.0176991150442474
P6,377/94,2024-05-03,16.83238132097345,3.110619469026548
P6,377/94,2024-06-06,16.659814949292034,3.2831858407079646
P6,377/94,2024-07-11,16.500522913893803,3.442477876106194
P6,377/94,2024-08-02,16.42087689619469,3.522123893805309
P6,377/94,2024-09-09,16.274859197079646,3.668141592920354
P6,377/94,2024-10-04,16.235036188230087,3.7079646017699113
P6,377/94,2024-11-07,16.274859197079646,3.668141592920354
P6,377/94,2024-12-12,16.327956542212387,3.6150442477876106
P6,377/94,2025-01-16,16.16866450681416,3.774336283185841
P6,377/94,2025-02-13,16.686363621858405,3.2566371681415927
P6,377/94,2025-03-19,17.44300079,2.5
P6,377/94,2025-04-10,17.774859197079646,2.168141592920354
P6,377/94,2025-05-14,17.7217618519469,2.221238938053097
P6,377/94,2025-06-27,17.403177781150443,2.5398230088495573
P6,377/94,2025-07-24,17.243885745752213,2.699115044247787
P6,377/94,2025-08-08,17.137691055486727,2.8053097345132745
P6,377/94,2025-09-18,16.89875300238938,3.044247787610619
P6,377/94,2025-10-23,16.76600963955752,3.1769911504424777
P6,377/94,2025-12-18,18.438576011238936,1.504424778761062
P6,377/94,2026-01-22,18.796983090884954,1.1460176991150441
P6,377/94,2026-02-27,18.94300079,1.0
P6,377/94,2026-04-24,18.26600963955752,1.6769911504424777
