timestamp,Q_m3s
1979-10-01,1.15
1979-10-02,1.09
1979-10-03,1.15
1979-10-04,1.29
1979-10-05,1.33
1979-10-06,2.41
1979-10-07,3.21
1979-10-08,2.75
1979-10-09,2.82
1979-10-10,2.32
1979-10-11,2.25
1979-10-12,2.55
1979-10-13,3.76
1979-10-14,9.28
1979-10-15,11.4
1979-10-16,7.99
1979-10-17,5.27
1979-10-18,3.72
1979-10-19,2.97
1979-10-20,3.84
1979-10-21,4.55
1979-10-22,3.92
1979-10-23,3.21
1979-10-24,2.74
1979-10-25,2.51
1979-10-26,2.41
1979-10-27,2.3
1979-10-28,2.2
1979-10-29,2.01
1979-10-30,1.77
1979-10-31,1.64
1979-11-01,1.51
1979-11-02,1.35
1979-11-03,1.24
1979-11-04,1.13
1979-11-05,1.05
1979-11-06,1.05
1979-11-07,1.05
1979-11-08,1.05
1979-11-09,1.05
1979-11-10,1.02
1979-11-11,0.99
1979-11-12,0.99
1979-11-13,1.09
1979-11-14,1.27
1979-11-15,1.29
1979-11-16,1.35
1979-11-17,1.37
1979-11-18,1.39
1979-11-19,1.27
1979-11-20,1.2
1979-11-21,1.16
1979-11-22,1.09
1979-11-23,1.05
1979-11-24,1.02
1979-11-25,0.99
1979-11-26,0.99
1979-11-27,1.07
1979-11-28,1.2
1979-11-29,1.2
1979-11-30,1.2
1979-12-01,1.2
1979-12-02,1.2
1979-12-03,1.2
1979-12-04,1.2
1979-12-05,1.16
1979-12-06,1.13
1979-12-07,1.13
1979-12-08,1.13
1979-12-09,1.13
1979-12-10,1.13
1979-12-11,1.13
1979-12-12,1.13
1979-12-13,1.13
1979-12-14,1.13
1979-12-15,1.13
1979-12-16,1.13
1979-12-17,1.13
1979-12-18,1.13
1979-12-19,1.13
1979-12-20,1.13
1979-12-21,1.13
1979-12-22,1.13
1979-12-23,1.13
1979-12-24,8.8
1979-12-25,24.46
1979-12-26,6.77
1979-12-27,4.07
1979-12-28,3.26
1979-12-29,2.86
1979-12-30,2.41
1979-12-31,2.2
1980-01-01,2.06
1980-01-02,1.91
1980-01-03,1.82
1980-01-04,1.68
1980-01-05,1.6
1980-01-06,1.6
1980-01-07,1.6
1980-01-08,1.6
1980-01-09,1.6
1980-01-10,1.6
1980-01-11,1.6
1980-01-12,1.6
1980-01-13,1.55
1980-01-14,1.43
1980-01-15,1.16
1980-01-16,5.45
1980-01-17,5.81
1980-01-18,3.61
1980-01-19,3.12
1980-01-20,3.82
1980-01-21,3.09
1980-01-22,2.63
1980-01-23,4.77
1980-01-24,5.69
1980-01-25,5.46
1980-01-26,5.15
1980-01-27,4.89
1980-01-28,4.63
1980-01-29,4.34
1980-01-30,3.8
1980-01-31,3.8
1980-02-01,4.19
1980-02-02,4.05
1980-02-03,3.77
1980-02-04,3.52
1980-02-05,3.35
1980-02-06,3.22
1980-02-07,3.15
1980-02-08,3.0
1980-02-09,2.85
1980-02-10,2.82
1980-02-11,2.78
1980-02-12,2.66
1980-02-13,2.5
1980-02-14,2.44
1980-02-15,2.5
1980-02-16,2.76
1980-02-17,2.95
1980-02-18,2.95
1980-02-19,2.89
1980-02-20,3.24
1980-02-21,3.51
1980-02-22,2.99
1980-02-23,3.15
1980-02-24,2.89
1980-02-25,2.69
1980-02-26,2.5
1980-02-27,2.31
1980-02-28,2.25
1980-02-29,1.89
1980-03-01,2.87
1980-03-02,3.16
1980-03-03,2.6
1980-03-04,3.03
1980-03-05,2.41
1980-03-06,1.83
1980-03-07,1.57
1980-03-08,1.49
1980-03-09,1.49
1980-03-10,1.6
1980-03-11,1.69
1980-03-12,1.6
1980-03-13,1.6
1980-03-14,1.6
1980-03-15,1.6
1980-03-16,1.6
1980-03-17,1.55
1980-03-18,1.49
1980-03-19,1.49
1980-03-20,1.49
1980-03-21,2.44
1980-03-22,5.6
1980-03-23,4.43
1980-03-24,3.29
1980-03-25,2.82
1980-03-26,2.56
1980-03-27,2.87
1980-03-28,3.87
1980-03-29,3.98
1980-03-30,3.63
1980-03-31,3.29
1980-04-01,3.08
1980-04-02,2.82
1980-04-03,2.56
1980-04-04,2.44
1980-04-05,2.31
1980-04-06,2.19
1980-04-07,2.07
1980-04-08,1.95
1980-04-09,1.89
1980-04-10,1.79
1980-04-11,1.68
1980-04-12,2.04
1980-04-13,3.7
1980-04-14,8.22
1980-04-15,6.52
1980-04-16,4.42
1980-04-17,3.49
1980-04-18,2.86
1980-04-19,2.79
1980-04-20,2.5
1980-04-21,2.31
1980-04-22,2.16
1980-04-23,2.2
1980-04-24,1.95
1980-04-25,1.95
1980-04-26,1.91
1980-04-27,2.19
1980-04-28,2.01
1980-04-29,1.83
1980-04-30,1.69
1980-05-01,1.43
1980-05-02,1.31
1980-05-03,1.31
1980-05-04,1.51
1980-05-05,1.44
1980-05-06,2.26
1980-05-07,2.63
1980-05-08,2.44
1980-05-09,2.16
1980-05-10,1.97
1980-05-11,1.95
1980-05-12,2.5
1980-05-13,2.38
1980-05-14,1.98
1980-05-15,1.8
1980-05-16,1.6
1980-05-17,1.6
1980-05-18,1.55
1980-05-19,1.52
1980-05-20,1.48
1980-05-21,1.31
1980-05-22,1.09
1980-05-23,1.07
1980-05-24,1.02
1980-05-25,0.99
1980-05-26,10.4
1980-05-27,15.41
1980-05-28,8.81
1980-05-29,5.23
1980-05-30,6.6
1980-05-31,7.93
1980-06-01,8.08
1980-06-02,7.67
1980-06-03,6.37
1980-06-04,5.02
1980-06-05,4.78
1980-06-06,4.77
1980-06-07,4.12
1980-06-08,3.36
1980-06-09,3.05
1980-09-19,2.71
1980-09-20,2.99
1980-09-21,3.02
1980-09-22,2.95
1980-09-23,2.87
1980-09-24,2.85
1980-09-25,2.66
1980-09-26,2.5
1980-09-27,2.55
1980-09-28,2.66
1980-09-29,2.95
1980-09-30,2.74
1980-10-01,1.27
1980-10-02,1.33
1980-10-03,1.2
1980-10-04,1.2
1980-10-05,1.23
1980-10-06,1.26
1980-10-07,1.61
1980-10-08,1.41
1980-10-09,1.29
1980-10-10,1.2
1980-10-11,1.43
1980-10-12,1.31
1980-10-13,1.23
1980-10-14,1.23
1980-10-15,1.42
1980-10-16,1.49
1980-10-17,1.26
1980-10-18,1.28
1980-10-19,1.14
1980-10-20,1.13
1980-10-21,1.13
1980-10-22,1.13
1980-10-23,1.13
1980-10-24,1.17
1980-10-25,1.17
1980-10-26,1.13
1980-10-27,1.13
1980-10-28,1.13
1980-10-29,1.13
1980-10-30,1.12
1980-10-31,1.08
1980-11-01,1.08
1980-11-02,1.08
1980-11-03,1.09
1980-11-04,1.03
1980-11-05,0.85
1980-11-06,0.84
1980-11-07,0.84
1980-11-08,0.84
1980-11-09,0.84
1980-11-10,0.88
1980-11-11,0.94
1980-11-12,0.94
1980-11-13,0.92
1980-11-14,0.86
1980-11-15,0.81
1980-11-16,0.77
1980-11-17,0.76
1980-11-18,0.76
1980-11-19,0.76
1980-11-20,0.76
1980-11-21,0.76
1980-11-22,0.76
1980-11-23,0.76
1980-11-24,0.76
1980-11-25,0.76
1980-11-26,0.74
1980-11-27,0.71
1980-11-28,0.7
1980-11-29,0.67
1980-11-30,0.67
1980-12-01,0.67
1980-12-02,0.67
1980-12-03,0.67
1980-12-04,0.67
1980-12-05,0.67
1980-12-06,0.67
1980-12-07,0.67
1980-12-08,0.67
1980-12-09,0.64
1980-12-10,0.6
1980-12-11,0.63
1980-12-12,0.59
1980-12-13,0.59
1980-12-14,0.59
1980-12-15,0.59
1980-12-16,0.59
1980-12-17,0.59
1980-12-18,0.59
1980-12-19,0.59
1980-12-20,0.59
1980-12-21,0.59
1980-12-22,0.59
1980-12-23,0.59
1980-12-24,0.59
1980-12-25,0.59
1980-12-26,0.59
1980-12-27,0.58
1980-12-28,0.55
1980-12-29,0.52
1980-12-30,0.51
1980-12-31,0.51
1981-01-01,0.51
1981-01-02,0.51
1981-01-03,0.51
1981-01-04,0.51
1981-01-05,0.51
1981-01-06,0.51
1981-01-07,0.51
1981-01-08,0.51
1981-01-09,0.5
1981-01-10,0.47
1981-01-11,0.47
1981-01-12,0.45
1981-01-13,0.44
1981-01-14,0.44
1981-01-15,0.44
1981-01-16,0.44
1981-01-17,0.44
1981-01-18,0.44
1981-01-19,0.44
1981-01-20,0.44
1981-01-21,0.44
1981-01-22,0.44
1981-01-23,0.44
1981-01-24,0.44
1981-01-25,0.44
1981-01-26,0.44
1981-01-27,0.44
1981-01-28,0.44
1981-01-29,0.44
1981-01-30,0.44
1981-01-31,0.44
1981-02-01,0.44
1981-02-02,0.44
1981-02-03,0.45
1981-02-04,0.48
1981-02-05,0.51
1981-02-06,0.51
1981-02-07,0.48
1981-02-08,0.47
1981-02-09,0.47
1981-02-10,0.47
1981-02-11,0.47
1981-02-12,0.47
1981-02-13,0.47
1981-02-14,0.47
1981-02-15,0.45
1981-02-16,0.44
1981-02-17,0.44
1981-02-18,0.44
1981-02-19,0.44
1981-02-20,0.44
1981-02-21,0.41
1981-02-22,0.4
1981-02-23,0.38
1981-02-24,0.37
1981-02-25,0.37
1981-02-26,0.37
1981-02-27,0.37
1981-02-28,0.3
1981-03-01,0.4
1981-03-02,0.37
1981-03-03,0.37
1981-03-04,0.37
1981-03-05,0.37
1981-03-06,0.37
1981-03-07,0.37
1981-03-08,0.37
1981-03-09,0.37
1981-03-10,0.37
1981-03-11,0.37
1981-03-12,0.37
1981-03-13,0.37
1981-03-14,0.37
1981-03-15,0.37
1981-03-16,0.37
1981-03-17,0.37
1981-03-18,0.31
1981-03-19,0.25
1981-03-20,0.21
1981-03-21,0.21
1981-03-22,0.24
1981-03-23,0.28
1981-03-24,0.31
1981-03-25,0.31
1981-03-26,0.31
1981-03-27,0.31
1981-03-28,0.44
1981-03-29,0.58
1981-03-30,0.86
1981-03-31,0.76
1981-04-01,0.69
1981-04-02,1.97
1981-04-03,1.52
1981-04-04,1.08
1981-04-05,0.85
1981-04-06,0.71
1981-04-07,0.73
1981-04-08,0.77
1981-04-09,0.77
1981-04-10,0.93
1981-04-11,0.95
1981-04-12,0.89
1981-04-13,0.83
1981-04-14,0.98
1981-04-15,0.82
1981-04-16,0.74
1981-04-17,0.73
1981-04-18,0.65
1981-04-19,0.6
1981-04-20,0.53
1981-04-21,0.43
1981-04-22,0.44
1981-04-23,0.44
1981-04-24,0.44
1981-04-25,0.44
1981-04-26,0.44
1981-04-27,0.46
1981-04-28,0.51
1981-04-29,0.51
1981-04-30,0.49
1981-05-01,0.49
1981-05-02,0.48
1981-05-03,0.41
1981-05-04,0.33
1981-05-05,0.23
1981-05-06,0.12
1981-05-07,0.12
1981-05-08,0.2
1981-05-09,0.34
1981-05-10,0.4
1981-05-11,0.66
1981-05-12,0.59
1981-05-13,0.42
1981-05-14,0.3
1981-05-15,0.27
1981-05-16,0.32
1981-05-17,0.34
1981-05-18,0.33
1981-05-19,0.29
1981-05-20,0.26
1981-05-21,0.21
1981-05-22,0.19
1981-05-23,0.13
1981-05-24,0.06
1981-05-25,0.07
1981-05-26,0.04
1981-05-27,0.02
1981-05-28,0.0
1981-05-29,0.0
1981-05-30,0.0
1981-05-31,0.0
1981-06-01,0.0
1981-06-02,0.04
1981-06-03,0.07
1981-06-04,0.1
1981-06-05,0.07
1981-06-06,0.06
1981-06-07,0.08
1981-06-08,0.13
1981-06-09,0.15
1981-06-10,0.2
1981-06-11,0.19
1981-06-12,0.12
1981-06-13,0.11
1981-06-14,0.08
1981-06-15,0.08
1981-06-16,0.07
1981-06-17,0.06
1981-06-18,0.04
1981-06-19,0.04
1981-06-20,0.05
1981-06-21,0.05
1981-06-22,0.11
1981-06-23,0.16
1981-06-24,0.12
1981-06-25,0.05
1981-06-26,0.02
1981-06-27,0.02
1981-06-28,0.01
1981-06-29,0.02
1981-06-30,0.02
1981-07-01,0.04
1981-07-02,0.09
1981-07-03,0.05
1981-07-04,0.03
1981-07-05,0.01
1981-07-06,0.01
1981-07-07,0.0
1981-07-08,0.0
1981-07-09,0.0
1981-07-10,0.0
1981-07-11,0.0
1981-07-12,0.01
1981-07-13,0.01
1981-07-14,0.0
1981-07-15,0.0
1981-07-16,0.0
1981-07-17,0.0
1981-07-18,0.01
1981-07-19,0.01
1981-07-20,0.01
1981-07-21,0.01
1981-07-22,0.01
1981-07-23,0.0
1981-07-24,0.0
1981-07-25,0.0
1981-07-26,0.0
1981-07-27,0.0
1981-07-28,0.0
1981-07-29,0.0
1981-07-30,0.0
1981-07-31,0.0
1981-08-01,0.0
1981-08-02,0.0
1981-08-03,0.0
1981-08-04,0.0
1981-08-05,0.0
1981-08-06,0.0
1981-08-07,0.0
1981-08-08,0.0
1981-08-09,0.0
1981-08-10,0.0
1981-08-11,0.0
1981-08-12,0.0
1981-08-13,0.0
1981-08-14,0.0
1981-08-15,0.0
1981-08-16,0.0
1981-08-17,0.0
1981-08-18,0.0
1981-08-19,0.0
1981-08-20,0.0
1981-08-21,0.0
1981-08-22,0.0
1981-08-23,0.0
1981-08-24,0.0
1981-08-25,0.0
1981-08-26,0.0
1981-08-27,0.0
1981-08-28,0.0
1981-08-29,0.0
1981-08-30,0.0
1981-08-31,0.0
1981-09-01,0.0
1981-09-02,0.0
1981-09-03,0.0
1981-09-04,0.0
1981-09-05,0.0
1981-09-06,0.0
1981-09-07,0.0
1981-09-08,0.0
1981-09-09,0.0
1981-09-10,0.0
1981-09-11,0.0
1981-09-12,0.0
1981-09-13,0.0
1981-09-14,0.0
1981-09-15,0.0
1981-09-16,0.0
1981-09-17,0.0
1981-09-18,0.0
1981-09-19,0.0
1981-09-20,0.0
1981-09-21,0.0
1981-09-22,1.33
1981-09-23,1.03
1981-09-24,1.04
1981-09-25,1.06
1981-09-26,1.48
1981-09-27,2.34
1981-09-28,1.63
1981-09-29,1.42
1981-09-30,1.31
1981-10-01,0.61
1981-10-02,0.59
1981-10-03,0.64
1981-10-04,0.62
1981-10-05,0.68
1981-10-06,0.68
1981-10-07,0.43
1981-10-08,0.35
1981-10-09,0.34
1981-10-10,0.27
1981-10-11,0.26
1981-10-12,0.24
1981-10-13,0.24
1981-10-14,0.24
1981-10-15,0.23
1981-10-16,0.22
1981-10-17,0.22
1981-10-18,0.22
1981-10-19,0.2
1981-10-20,0.23
1981-10-21,0.24
1981-10-22,0.24
1981-10-23,0.22
1981-10-24,0.22
1981-10-25,0.2
1981-10-26,0.2
1981-10-27,0.2
1981-10-28,0.2
1981-10-29,0.2
1981-10-30,0.2
1981-10-31,0.2
1981-11-01,0.19
1981-11-02,0.19
1981-11-03,0.2
1981-11-04,0.18
1981-11-05,0.18
1981-11-06,0.18
1981-11-07,0.18
1981-11-08,0.18
1981-11-09,0.18
1981-11-10,0.17
1981-11-11,0.16
1981-11-12,0.16
1981-11-13,0.16
1981-11-14,0.16
1981-11-15,0.16
1981-11-16,0.16
1981-11-17,0.16
1981-11-18,0.16
1981-11-19,0.16
1981-11-20,0.16
1981-11-21,0.16
1981-11-22,0.16
1981-11-23,0.16
1981-11-24,0.16
1981-11-25,0.16
1981-11-26,0.16
1981-11-27,0.16
1981-11-28,0.16
1981-11-29,0.16
1981-11-30,0.15
1981-12-01,0.14
1981-12-02,0.14
1981-12-03,0.14
1981-12-04,0.14
1981-12-05,0.14
1981-12-06,0.14
1981-12-07,0.14
1981-12-08,0.16
1981-12-09,0.19
1981-12-10,0.22
1981-12-11,0.22
1981-12-12,0.21
1981-12-13,0.2
1981-12-14,0.2
1981-12-15,0.2
1981-12-16,0.2
1981-12-17,0.22
1981-12-18,0.27
1981-12-19,0.24
1981-12-20,0.28
1981-12-21,0.62
1981-12-22,1.24
1981-12-23,1.1
1981-12-24,0.94
1981-12-25,0.78
1981-12-26,0.76
1981-12-27,2.1
1981-12-28,78.54
1981-12-29,112.37
1982-01-01,34.48
1982-01-02,7.36
1982-01-03,4.37
1982-01-04,4.06
1982-01-05,3.84
1982-01-06,3.31
1982-01-07,2.59
1982-01-08,2.12
1982-01-09,2.05
1982-01-10,2.02
1982-01-11,3.23
1982-01-12,3.43
1982-01-13,2.46
1982-01-14,1.85
1982-01-15,1.69
1982-01-16,1.99
1982-01-17,5.03
1982-01-18,2.1
1982-01-19,2.05
1982-01-20,4.53
1982-01-21,2.16
1982-01-22,1.91
1982-01-23,1.81
1982-01-24,1.71
1982-01-25,1.63
1982-01-26,1.58
1982-01-27,1.54
1982-01-28,1.49
1982-01-29,1.43
1982-01-30,1.42
1982-01-31,1.39
1982-02-01,1.35
1982-02-02,1.32
1982-02-03,1.32
1982-02-04,1.33
1982-02-05,1.33
1982-02-06,1.32
1982-02-07,1.29
1982-02-08,1.28
1982-02-09,1.28
1982-02-10,1.28
1982-02-11,1.25
1982-02-12,1.24
1982-02-13,1.26
1982-02-14,1.34
1982-02-15,22.01
1982-02-16,61.4
1982-02-17,6.5
1982-02-18,2.37
1982-02-19,1.9
1982-02-20,1.73
1982-02-21,1.59
1982-02-22,1.55
1982-02-23,1.55
1982-02-24,1.43
1982-02-25,1.43
1982-02-26,1.43
1982-02-27,1.4
1982-02-28,1.35
1982-03-01,1.32
1982-03-02,1.26
1982-03-03,1.21
1982-03-04,1.17
1982-03-05,1.13
1982-03-06,1.06
1982-03-07,1.01
1982-03-08,0.98
1982-03-09,0.98
1982-03-10,0.98
1982-03-11,0.98
1982-03-12,0.97
1982-03-13,0.95
1982-03-14,0.94
1982-03-15,0.92
1982-03-16,0.92
1982-03-17,0.91
1982-03-18,0.89
1982-03-19,0.89
1982-03-20,0.88
1982-03-21,0.86
1982-03-22,0.84
1982-03-23,0.83
1982-03-24,0.82
1982-03-25,0.82
1982-03-26,0.81
1982-03-27,0.79
1982-03-28,0.8
1982-03-29,0.83
1982-03-30,0.83
1982-03-31,0.99
1982-04-01,0.92
1982-04-02,0.92
1982-04-03,0.91
1982-04-04,0.93
1982-04-05,0.88
1982-04-06,0.82
1982-04-07,0.74
1982-04-08,0.72
1982-04-09,0.7
1982-04-10,0.72
1982-04-11,0.73
1982-04-12,0.75
1982-04-13,0.74
1982-04-14,0.86
1982-04-15,0.97
1982-04-16,0.9
1982-04-17,0.82
1982-04-18,0.81
1982-04-19,0.74
1982-04-20,0.71
1982-04-21,0.65
1982-04-22,0.67
1982-04-23,0.64
1982-04-24,0.6
1982-04-25,0.57
1982-04-26,0.57
1982-04-27,0.58
1982-04-28,0.51
1982-04-29,0.43
1982-04-30,0.46
1982-05-01,0.51
1982-05-02,0.54
1982-05-03,0.55
1982-05-04,0.47
1982-05-05,0.45
1982-05-06,0.43
1982-05-07,0.38
1982-05-08,0.38
1982-05-09,0.38
1982-05-10,0.37
1982-05-11,0.47
1982-05-12,0.47
1982-05-13,0.45
1982-05-14,0.44
1982-05-15,0.42
1982-05-16,0.47
1982-05-17,0.45
1982-05-18,0.4
1982-05-19,0.38
1982-05-20,0.39
1982-05-21,0.45
1982-05-22,0.43
1982-05-23,0.41
1982-05-24,0.41
1982-05-25,0.36
1982-05-26,0.33
1982-05-27,0.31
1982-05-28,0.3
1982-05-29,0.3
1982-05-30,0.3
1982-05-31,0.3
1982-06-01,0.3
1982-06-02,0.3
1982-06-03,0.3
1982-10-06,0.34
1982-10-07,0.33
1982-10-08,0.31
1982-10-09,0.3
1982-10-10,0.29
1982-10-11,0.26
1982-10-12,0.26
1982-10-13,0.37
1982-10-14,1.12
1982-10-15,0.38
1982-10-16,0.31
1982-10-17,0.3
1982-10-18,0.3
1982-10-19,0.3
1982-10-20,0.3
1982-10-21,0.3
1982-10-22,0.3
1982-10-23,0.29
1982-10-24,0.26
1982-10-25,0.26
1982-10-26,0.26
1982-10-27,0.26
1982-10-28,0.26
1982-10-29,0.26
1982-10-30,0.26
1982-10-31,0.26
1982-11-01,0.26
1982-11-02,0.26
1982-11-03,0.26
1982-11-04,0.27
1982-11-05,0.31
1982-11-06,0.56
1982-11-07,2.76
1982-11-08,5.29
1982-11-09,3.84
1982-11-10,2.33
1982-11-11,1.54
1982-11-12,1.09
1982-11-13,0.94
1982-11-14,0.81
1982-11-15,0.73
1982-11-16,0.66
1982-11-17,0.59
1982-11-18,0.55
1982-11-19,0.5
1982-11-20,0.49
1982-11-21,0.46
1982-11-22,0.44
1982-11-23,0.41
1982-11-24,0.41
1982-11-25,0.41
1982-11-26,0.41
1982-11-27,0.41
1982-11-28,0.41
1982-11-29,0.38
1982-11-30,0.37
1982-12-01,0.34
1982-12-02,0.33
1982-12-03,0.33
1982-12-04,0.33
1982-12-05,0.33
1982-12-06,0.33
1982-12-07,0.33
1982-12-08,0.33
1982-12-09,0.36
1982-12-10,0.4
1982-12-11,0.41
1982-12-12,0.42
1982-12-13,0.48
1982-12-14,0.5
1982-12-15,0.54
1982-12-16,0.53
1982-12-17,0.49
1982-12-18,0.49
1982-12-19,0.49
1982-12-20,0.5
1982-12-21,0.61
1982-12-22,0.69
1982-12-23,0.69
1982-12-24,0.64
1982-12-25,0.59
1982-12-26,0.57
1982-12-27,0.54
1982-12-28,0.54
1982-12-29,0.54
1982-12-30,0.54
1982-12-31,0.5
1983-01-01,0.49
1983-01-02,0.49
1983-01-03,0.49
1983-01-04,0.49
1983-01-05,0.49
1983-01-06,0.49
1983-01-07,0.5
1983-01-08,0.5
1983-01-09,0.49
1983-01-10,0.49
1983-01-11,0.49
1983-01-12,0.49
1983-01-13,0.49
1983-01-14,0.49
1983-01-15,0.49
1983-01-16,0.49
1983-01-17,0.49
1983-01-18,0.46
1983-01-19,0.44
1983-01-20,0.41
1983-01-21,0.41
1983-01-22,0.41
1983-01-23,0.41
1983-01-24,0.41
1983-01-25,0.41
1983-01-26,0.41
1983-01-27,0.41
1983-01-28,0.41
1983-01-29,0.41
1983-01-30,0.41
1983-01-31,0.41
1983-02-01,0.41
1983-02-02,0.41
1983-02-03,0.41
1983-02-04,0.41
1983-02-05,0.41
1983-02-06,0.41
1983-02-07,0.41
1983-02-08,0.41
1983-02-09,0.41
1983-02-10,0.41
1983-02-11,0.41
1983-02-12,0.41
1983-02-13,0.41
1983-02-14,0.41
1983-02-15,0.43
1983-02-16,0.45
1983-02-17,0.48
1983-02-18,0.49
1983-02-19,0.49
1983-02-20,0.49
1983-02-21,0.56
1983-02-22,0.57
1983-02-23,0.54
1983-02-24,0.54
1983-02-25,0.53
1983-02-26,0.49
1983-02-27,0.49
1983-02-28,0.49
1983-03-01,0.49
1983-03-02,0.48
1983-03-03,0.44
1983-03-04,0.43
1983-03-05,0.41
1983-03-06,0.42
1983-03-07,0.45
1983-03-08,0.47
1983-03-09,0.45
1983-03-10,0.45
1983-03-11,0.45
1983-03-12,0.44
1983-03-13,0.41
1983-03-14,0.29
1983-03-15,0.05
1983-03-16,0.05
1983-03-17,0.28
1983-03-18,0.32
1983-03-19,0.33
1983-03-20,0.33
1983-03-21,0.33
1983-03-22,0.35
1983-03-23,0.33
1983-03-24,0.27
1983-03-25,0.26
1983-03-26,0.2
1983-03-27,0.35
1983-03-28,0.25
1983-03-29,0.28
1983-03-30,0.23
1983-03-31,0.17
1983-04-01,0.09
1983-04-02,0.05
1983-04-03,0.03
1983-04-04,0.03
1983-04-05,0.01
1983-04-06,0.01
1983-04-07,0.01
1983-04-08,0.0
1983-04-09,0.0
1983-04-10,0.0
1983-04-11,0.0
1983-04-12,0.11
1983-04-13,0.05
1983-04-14,0.01
1983-04-15,0.01
1983-04-16,0.01
1983-04-17,0.01
1983-04-18,0.0
1983-04-19,0.0
1983-04-20,0.01
1983-04-21,0.01
1983-04-22,0.01
1983-04-23,0.8
1983-04-24,0.79
1983-04-25,0.59
1983-04-26,0.77
1983-04-27,0.78
1983-04-28,0.68
1983-04-29,0.59
1983-04-30,0.87
1983-05-01,2.42
1983-05-02,1.9
1983-05-03,1.51
1983-05-04,1.17
1983-05-05,0.97
1983-05-06,0.71
1983-05-07,0.67
1983-05-08,0.56
1983-05-09,0.5
1983-05-10,0.49
1983-05-11,0.41
1983-05-12,0.48
1983-05-13,0.65
1983-05-14,0.62
1983-05-15,0.65
1983-05-16,0.66
1983-05-17,0.69
1983-05-18,0.52
1983-05-19,0.33
1983-05-20,0.29
1983-05-21,0.14
1983-05-22,0.09
1983-05-23,0.16
1983-05-24,0.13
1983-05-25,0.23
1983-05-26,0.1
1983-05-27,0.01
1983-05-28,0.02
1983-05-29,0.01
1983-05-30,0.01
1983-05-31,0.01
1983-06-01,0.01
1983-06-02,0.02
1983-06-03,0.02
1983-06-04,0.01
1983-06-05,0.01
1983-06-06,0.01
1983-06-07,0.55
1983-06-08,0.78
1983-06-09,0.24
1983-06-10,0.12
1983-06-11,0.04
1983-06-12,0.01
1983-06-13,0.01
1983-06-14,0.06
1983-06-15,0.01
1983-06-16,0.0
1983-06-17,0.0
1983-06-18,0.0
1983-06-19,0.0
1983-06-20,0.0
1983-06-21,0.0
1983-06-22,0.0
1983-06-23,0.0
1983-06-24,0.0
1983-06-25,0.0
1983-06-26,0.0
1983-06-27,0.0
1983-06-28,0.0
1983-06-29,0.0
1983-06-30,0.0
1983-07-01,0.0
1983-07-02,0.0
1983-07-03,0.0
1983-07-04,0.0
1983-07-05,0.0
1983-07-06,0.0
1983-07-07,0.05
1983-07-08,0.01
1983-07-09,0.01
1983-07-10,0.01
1983-07-11,0.0
1983-07-12,0.0
1983-07-13,0.0
1983-07-14,0.0
1983-07-15,0.0
1983-07-16,0.0
1983-07-17,0.0
1983-07-18,0.01
1983-07-19,0.01
1983-07-20,0.01
1983-07-21,0.01
1983-07-22,0.0
1983-07-23,0.0
1983-07-24,0.0
1983-07-25,0.0
1983-07-26,0.0
1983-07-27,0.0
1983-07-28,0.0
1983-07-29,0.0
1983-07-30,0.0
1983-07-31,0.0
1983-08-01,0.0
1983-08-02,0.0
1983-08-03,0.0
1983-08-04,0.0
1983-08-05,0.0
1983-08-06,0.0
1983-08-07,0.0
1983-08-08,0.0
1983-08-09,0.0
1983-08-10,0.0
1983-08-11,0.0
1983-08-12,0.0
1983-08-13,0.0
1983-08-14,0.0
1983-08-15,0.0
1983-08-16,0.0
1983-08-17,0.0
1983-08-18,0.0
1983-08-19,0.0
1983-08-20,0.0
1983-08-21,0.0
1983-08-22,0.0
1983-08-23,0.0
1983-08-24,0.0
1983-08-25,0.0
1983-08-26,0.0
1983-08-27,0.0
1983-08-28,0.0
1983-08-29,0.0
1983-08-30,0.0
1983-08-31,0.0
1983-09-01,0.0
1983-09-02,0.0
1983-09-03,0.0
1983-09-04,0.0
1983-09-05,0.0
1983-09-06,0.0
1983-09-07,0.0
1983-09-08,0.0
1983-09-09,0.0
1983-09-10,0.0
1983-09-11,0.0
1983-09-12,0.0
1983-09-13,0.0
1983-09-14,0.0
1983-09-15,0.0
1983-09-16,0.0
1983-09-17,0.0
1983-09-18,0.0
1983-09-19,0.0
1983-09-20,0.0
1983-09-21,0.0
1983-09-22,0.0
1983-09-23,0.0
1983-09-24,0.0
1983-09-25,0.0
1983-09-26,0.0
1983-09-27,0.0
1983-09-28,0.0
1983-09-29,0.0
1983-09-30,0.0
1983-10-01,0.0
1983-10-02,0.0
1983-10-03,0.0
1983-10-04,0.0
1983-10-05,0.0
1983-10-06,0.0
1983-10-07,0.0
1983-10-08,0.0
1983-10-09,0.0
1983-10-10,0.0
1983-10-11,0.0
1983-10-12,0.0
1983-10-13,0.0
1983-10-14,0.0
1983-10-15,0.0
1983-10-16,0.0
1983-10-17,0.0
1983-10-18,0.0
1983-10-19,0.0
1983-10-20,0.0
1983-10-21,0.0
1983-10-22,0.0
1983-10-23,0.0
1983-10-24,0.0
1983-10-25,0.0
1983-10-26,0.0
1983-10-27,0.0
1983-10-28,0.0
1983-10-29,0.0
1983-10-30,0.0
1983-10-31,0.0
1983-11-01,0.0
1983-11-02,0.0
1983-11-03,0.0
1983-11-04,0.0
1983-11-05,0.0
1983-11-06,0.0
1983-11-07,0.0
1983-11-08,0.0
1983-11-09,0.0
1983-11-10,0.0
1983-11-11,0.0
1983-11-12,0.38
1983-11-13,0.35
1983-11-14,0.59
1983-11-15,2.64
1983-11-16,7.21
1983-11-17,29.67
1983-11-18,5.08
1983-11-19,9.64
1983-11-20,35.78
1983-11-21,114.68
1983-11-22,21.96
1983-11-23,7.7
1983-11-24,4.27
1983-11-25,3.08
1983-11-26,2.4
1983-11-27,1.98
1983-11-28,1.76
1983-11-29,1.56
1983-11-30,1.37
1983-12-01,1.28
1983-12-02,1.24
1983-12-03,1.2
1983-12-04,1.16
1983-12-05,1.16
1983-12-06,1.16
1983-12-07,1.0
1983-12-08,0.85
1983-12-09,0.85
1983-12-10,0.85
1983-12-11,0.79
1983-12-12,0.72
1983-12-13,0.72
1983-12-14,0.75
1983-12-15,1.16
1983-12-16,10.24
1983-12-17,9.22
1983-12-18,11.96
1983-12-19,50.36
1983-12-20,80.47
1983-12-21,57.82
1983-12-22,16.5
1983-12-23,9.72
1983-12-24,7.33
1983-12-25,5.88
1983-12-26,4.88
1983-12-27,4.25
1983-12-28,3.75
1983-12-29,3.36
1983-12-30,3.06
1983-12-31,2.78
1984-01-01,2.58
1984-01-02,2.58
1984-01-03,2.4
1984-01-04,2.09
1984-01-05,1.98
1984-01-06,1.92
1984-01-07,1.92
1984-01-08,1.95
1984-01-09,2.33
1984-01-10,2.67
1984-01-11,2.52
1984-01-12,2.27
1984-01-13,2.09
1984-01-14,2.03
1984-01-15,2.03
1984-01-16,1.98
1984-01-17,1.92
1984-01-18,1.92
1984-01-19,1.98
1984-01-20,3.95
1984-01-21,8.37
1984-01-22,5.93
1984-01-23,4.88
1984-01-24,4.34
1984-01-25,3.83
1984-01-26,3.59
1984-01-27,3.43
1984-01-28,3.21
1984-01-29,2.99
1984-01-30,2.82
1984-01-31,2.92
1984-02-01,3.06
1984-02-02,2.99
1984-02-03,2.85
1984-02-04,2.71
1984-02-05,2.58
1984-02-06,2.58
1984-02-07,2.85
1984-02-08,2.99
1984-02-09,2.87
1984-02-10,2.78
1984-02-11,2.78
1984-02-12,2.78
1984-02-13,2.71
1984-02-14,2.52
1984-02-15,2.27
1984-02-16,2.04
1984-02-17,1.92
1984-02-18,1.92
1984-02-19,1.99
1984-02-20,2.09
1984-02-21,2.15
1984-02-22,2.09
1984-02-23,1.98
1984-02-24,1.92
1984-02-25,1.92
1984-02-26,1.92
1984-02-27,1.92
1984-02-28,1.92
1984-02-29,1.98
1984-03-01,2.03
1984-03-02,1.98
1984-03-03,1.92
1984-03-04,1.92
1984-03-05,1.87
1984-03-06,1.81
1984-03-07,1.81
1984-03-08,1.81
1984-03-09,1.81
1984-03-10,1.81
1984-03-11,1.81
1984-03-12,1.66
1984-03-13,1.56
1984-03-14,1.61
1984-03-15,0.0
1984-03-16,0.0
1984-03-17,1.87
1984-03-18,1.92
1984-03-19,1.92
1984-03-20,2.15
1984-03-21,3.77
1984-03-22,4.52
1984-03-23,3.83
1984-03-24,4.13
1984-03-25,10.51
1984-03-26,8.45
1984-03-27,6.14
1984-03-28,4.99
1984-03-29,4.78
1984-03-30,4.26
1984-03-31,4.41
1984-04-01,16.69
1984-04-02,10.56
1984-04-03,7.03
1984-04-04,15.59
1984-04-05,14.72
1984-04-06,4.08
1984-04-07,3.52
1984-04-08,3.06
1984-04-09,2.78
1984-04-10,2.52
1984-04-11,2.61
1984-04-12,5.71
1984-04-13,6.22
1984-04-14,4.74
1984-04-15,4.03
1984-04-16,3.76
1984-04-17,3.14
1984-04-18,2.78
1984-04-19,2.52
1984-04-20,2.33
1984-04-21,2.15
1984-04-22,2.03
1984-04-23,2.03
1984-04-24,2.19
1984-04-25,2.73
1984-04-26,2.26
1984-04-27,2.23
1984-04-28,3.87
1984-04-29,3.24
1984-04-30,2.52
1984-05-01,2.16
1984-05-02,1.92
1984-05-03,1.72
1984-05-04,1.42
1984-05-05,1.28
1984-05-06,1.24
1984-05-07,1.12
1984-05-08,1.08
1984-05-09,1.12
1984-05-10,1.04
1984-05-11,0.93
1984-05-12,0.89
1984-05-13,0.82
1984-05-14,0.85
1984-05-15,0.82
1984-05-16,0.72
1984-05-17,0.9
1984-05-18,1.61
1984-05-19,1.94
1984-05-20,1.59
1984-05-21,2.17
1984-05-22,2.01
1984-05-23,1.61
1984-05-24,1.42
1984-05-25,1.24
1984-05-26,1.08
1984-05-27,1.0
1984-05-28,0.93
1984-05-29,0.87
1984-05-30,1.04
1984-05-31,1.0
1984-06-01,1.1
1984-06-02,0.96
1984-06-03,0.92
1984-06-04,0.89
1984-06-05,1.01
1984-06-06,0.99
1984-06-07,0.92
1984-06-08,1.0
1984-06-09,1.08
1984-06-10,1.08
1984-06-11,1.04
1984-06-12,0.93
1984-06-13,0.76
1984-06-14,0.49
1984-06-15,0.4
1984-06-16,0.38
1984-06-17,0.33
1984-06-18,0.31
1984-06-19,3.18
1984-06-20,3.22
1984-06-21,2.4
1984-06-22,1.98
1984-06-23,1.76
1984-06-24,1.56
1984-06-25,1.29
1984-06-26,1.16
1984-06-27,1.12
1984-06-28,1.0
1984-06-29,0.85
1984-06-30,0.79
1984-07-01,0.75
1984-07-02,0.66
1984-07-03,0.57
1984-07-04,0.5
1984-07-05,0.42
1984-07-06,0.36
1984-07-07,0.31
1984-07-08,0.31
1984-07-09,0.31
1984-07-10,0.3
1984-07-11,0.26
1984-07-12,0.24
1984-07-13,0.23
1984-07-14,0.19
1984-07-15,0.17
1984-07-16,0.15
1984-07-17,0.15
1984-07-18,0.14
1984-07-19,0.13
1984-07-20,0.13
1984-07-21,0.13
1984-07-22,0.13
1984-07-23,0.13
1984-07-24,0.13
1984-07-25,0.13
1984-07-26,0.12
1984-07-27,0.09
1984-07-28,0.07
1984-07-29,0.05
1984-07-30,0.05
1984-07-31,0.05
1984-08-01,0.05
1984-08-02,0.05
1984-08-03,0.05
1984-08-04,0.05
1984-08-05,0.05
1984-08-06,0.05
1984-08-07,0.05
1984-08-08,0.05
1984-08-09,0.05
1984-08-10,0.05
1984-08-11,0.04
1984-08-12,0.04
1984-08-13,0.04
1984-08-14,0.04
1984-08-15,0.04
1984-08-16,0.04
1984-08-17,0.04
1984-08-18,0.04
1984-08-19,0.04
1984-08-20,0.06
1984-08-21,0.06
1984-08-22,0.06
1984-08-23,0.08
1984-08-24,0.11
1984-08-25,0.14
1984-08-26,0.15
1984-08-27,0.15
1984-08-28,0.15
1984-08-29,0.14
1984-08-30,0.13
1984-08-31,0.12
1984-09-01,0.09
1984-09-02,0.08
1984-09-03,0.08
1984-09-04,0.06
1984-09-05,0.05
1984-09-06,0.05
1984-09-07,0.05
1984-09-08,0.05
1984-09-09,0.05
1984-09-10,0.05
1984-09-11,0.05
1984-09-12,0.06
1984-09-13,0.07
1984-09-14,0.07
1984-09-15,0.07
1984-09-16,0.07
1984-09-17,0.07
1984-09-18,0.08
1984-09-19,0.08
1984-09-20,0.08
1984-09-21,0.09
1984-09-22,0.1
1984-09-23,0.1
1984-09-24,0.22
1984-09-25,0.52
1984-09-26,0.6
1984-09-27,0.6
1984-09-28,0.66
1984-09-29,0.79
1984-09-30,0.89
1984-10-01,0.87
1984-10-02,0.87
1984-10-03,0.87
1984-10-04,0.91
1984-10-05,0.9
1984-10-06,0.81
1984-10-07,0.73
1984-10-08,0.68
1984-10-09,0.45
1984-10-10,0.32
1984-10-11,0.26
1984-10-12,0.21
1984-10-13,0.19
1984-10-14,0.16
1984-10-15,0.15
1984-10-16,0.17
1984-10-17,0.41
1984-10-18,0.21
1984-10-19,0.22
1984-10-20,0.27
1984-10-21,0.34
1984-10-22,0.29
1984-10-23,0.38
1984-10-24,0.33
1984-10-25,0.32
1984-10-26,0.32
1984-10-27,0.32
1984-10-28,0.35
1984-10-29,0.61
1984-10-30,0.47
1984-10-31,0.47
1984-11-01,0.47
1984-11-02,0.58
1984-11-03,0.6
1984-11-04,0.83
1984-11-05,0.96
1984-11-06,0.84
1984-11-07,1.11
1984-11-08,1.9
1984-11-09,2.32
1984-11-10,2.21
1984-11-11,1.53
1984-11-12,1.22
1984-11-13,1.14
1984-11-14,0.99
1984-11-15,0.9
1984-11-16,0.89
1984-11-17,1.33
1984-11-18,1.57
1984-11-19,1.26
1984-11-20,1.12
1984-11-21,0.99
1984-11-22,0.9
1984-11-23,0.84
1984-11-24,0.78
1984-11-25,0.73
1984-11-26,0.73
1984-11-27,0.67
1984-11-28,0.62
1984-11-29,0.6
1984-11-30,0.63
1984-12-01,0.92
1984-12-02,0.91
1984-12-03,0.82
1984-12-04,0.9
1984-12-05,0.9
1984-12-06,0.93
1984-12-07,7.71
1984-12-08,4.08
1984-12-09,2.47
1984-12-10,1.89
1984-12-11,1.65
1984-12-12,1.61
1984-12-13,4.49
1984-12-14,4.2
1984-12-15,2.78
1984-12-16,2.72
1984-12-17,2.37
1984-12-18,2.08
1984-12-19,1.87
1984-12-20,1.69
1984-12-21,1.57
1984-12-22,1.49
1984-12-23,1.45
1984-12-24,1.35
1984-12-25,1.3
1984-12-26,1.22
1984-12-27,1.15
1984-12-28,1.08
1984-12-29,1.05
1984-12-30,1.02
1984-12-31,0.99
1985-01-01,0.96
1985-01-02,0.93
1985-01-03,0.93
1985-01-04,0.99
1985-01-05,2.91
1985-01-06,12.39
1985-01-07,6.29
1985-01-08,3.57
1985-01-09,2.8
1985-01-10,2.31
1985-01-11,1.96
1985-01-12,1.74
1985-01-13,1.67
1985-01-14,1.67
1985-01-15,1.49
1985-01-16,1.33
1985-01-17,7.68
1985-01-18,15.91
1985-01-19,6.36
1985-01-20,18.47
1985-01-21,102.05
1985-01-22,110.01
1985-01-23,32.09
1985-01-24,16.18
1985-01-25,10.99
1985-01-26,51.21
1985-01-27,13.68
1985-01-28,9.05
1985-01-29,8.06
1985-01-30,7.16
1985-01-31,6.41
1985-02-01,5.78
1985-02-02,5.28
1985-02-03,4.88
1985-02-04,4.57
1985-02-05,4.35
1985-02-06,4.28
1985-02-07,6.43
1985-02-08,30.43
1985-02-09,50.35
1985-02-10,59.11
1985-02-11,56.41
1985-02-12,44.89
1985-02-13,21.95
1985-02-14,20.24
1985-02-15,11.24
1985-02-16,3.26
1985-02-17,9.25
1985-02-18,29.74
1985-02-19,11.33
1985-02-20,9.48
1985-02-21,8.26
1985-02-22,7.24
1985-02-23,6.37
1985-02-24,5.74
1985-02-25,5.52
1985-02-26,5.83
1985-02-27,7.36
1985-02-28,10.84
1985-03-01,12.19
1985-03-02,8.22
1985-03-03,6.37
1985-03-04,5.84
1985-03-05,5.72
1985-03-06,5.22
1985-03-07,4.81
1985-03-08,4.49
1985-03-09,4.19
1985-03-10,3.9
1985-03-11,3.61
1985-03-12,3.34
1985-03-13,3.21
1985-03-14,3.15
1985-03-15,3.08
1985-03-16,2.96
1985-03-17,2.83
1985-03-18,2.77
1985-03-19,2.74
1985-03-20,2.85
1985-03-21,3.02
1985-03-22,3.21
1985-03-23,3.21
1985-03-24,2.96
1985-03-25,2.83
1985-03-26,2.58
1985-03-27,2.42
1985-03-28,2.42
1985-03-29,2.26
1985-03-30,2.15
1985-03-31,2.1
1985-04-01,2.05
1985-04-02,1.99
1985-04-03,1.89
1985-04-04,2.04
1985-04-05,2.21
1985-04-06,2.74
1985-04-07,3.04
1985-04-08,3.33
1985-04-09,3.34
1985-04-10,2.96
1985-04-11,2.61
1985-04-12,2.43
1985-04-13,2.2
1985-04-14,2.1
1985-04-15,1.99
1985-04-16,1.89
1985-04-17,1.8
1985-04-18,1.7
1985-04-19,1.61
1985-04-20,1.52
1985-04-21,1.61
1985-04-22,1.93
1985-04-23,2.6
1985-04-24,4.73
1985-04-25,4.35
1985-04-26,3.17
1985-04-27,2.92
1985-04-28,3.22
1985-04-29,2.6
1985-04-30,2.26
1985-05-01,2.03
1985-05-02,1.75
1985-05-03,1.7
1985-05-04,1.74
1985-05-05,1.61
1985-05-06,1.53
1985-05-07,1.83
1985-05-08,1.85
1985-05-09,1.7
1985-05-10,1.52
1985-05-11,1.35
1985-05-12,1.27
1985-05-13,1.19
1985-05-14,1.11
1985-05-15,1.07
1985-05-16,1.04
1985-05-17,0.97
1985-05-18,1.25
1985-05-19,1.25
1985-05-20,0.88
1985-05-21,0.72
1985-05-22,0.35
1985-05-23,0.69
1985-05-24,0.71
1985-05-25,0.66
1985-05-26,0.75
1985-05-27,0.83
1985-05-28,0.8
1985-05-29,0.8
1985-05-30,0.88
1985-05-31,0.87
1985-06-01,0.83
1985-06-02,0.86
1985-06-03,0.51
1985-06-04,0.12
1985-06-05,0.06
1985-06-06,0.01
1985-06-07,0.0
1985-06-08,0.0
1985-06-09,0.0
1985-06-10,0.0
1985-06-11,0.0
1985-06-12,0.0
1985-06-13,0.0
1985-06-14,0.0
1985-06-15,0.0
1985-06-16,0.0
1985-06-17,0.0
1985-06-18,0.0
1985-06-19,0.0
1985-06-20,0.0
1985-06-21,0.0
1985-06-22,0.0
1985-06-23,0.0
1985-06-24,0.0
1985-06-25,0.0
1985-06-26,0.0
1985-06-27,0.0
1985-06-28,0.0
1985-06-29,0.0
1985-06-30,0.0
1985-07-01,0.0
1985-07-02,0.0
1985-07-03,0.0
1985-07-04,0.0
1985-07-05,0.0
1985-07-06,0.0
1985-07-07,0.0
1985-07-08,0.0
1985-07-09,0.0
1985-07-10,0.0
1985-07-11,0.0
1985-07-12,0.0
1985-07-13,0.0
1985-07-14,0.0
1985-07-15,0.0
1985-07-16,0.0
1985-07-17,0.0
1985-07-18,0.0
1985-07-19,0.0
1985-07-20,0.0
1985-07-21,0.0
1985-07-22,0.0
1985-07-23,0.0
1985-07-24,0.0
1985-07-25,0.0
1985-07-26,0.0
1985-07-27,0.0
1985-07-28,0.0
1985-07-29,0.0
1985-07-30,0.0
1985-07-31,0.0
1985-08-01,0.0
1985-08-02,0.0
1985-08-03,0.0
1985-08-04,0.0
1985-08-05,0.0
1985-08-06,0.0
1985-08-07,0.0
1985-08-08,0.0
1985-08-09,0.0
1985-08-10,0.0
1985-08-11,0.0
1985-08-12,0.0
1985-08-13,0.0
1985-08-14,0.0
1985-08-15,0.0
1985-08-16,0.0
1985-08-17,0.0
1985-08-18,0.0
1985-08-19,0.0
1985-08-20,0.0
1985-08-21,0.0
1985-08-22,0.0
1985-08-23,0.0
1985-08-24,0.0
1985-08-25,0.0
1985-08-26,0.0
1985-08-27,0.0
1985-08-28,0.0
1985-08-29,0.0
1985-08-30,0.0
1985-08-31,0.0
1985-09-01,0.0
1985-09-02,0.0
1985-09-03,0.0
1985-09-04,0.0
1985-09-05,0.0
1985-09-06,0.0
1985-09-07,0.0
1985-09-08,0.0
1985-09-09,0.0
1985-09-10,0.0
1985-09-11,0.0
1985-09-12,0.0
1985-09-13,0.0
1985-09-14,0.0
1985-09-15,0.0
1985-09-16,0.0
1985-09-17,0.0
1985-09-18,0.0
1985-09-19,0.0
1985-09-20,0.0
1985-09-21,0.0
1985-09-22,0.0
1985-09-23,0.0
1985-09-24,0.0
1985-09-25,0.0
1985-09-26,0.0
1985-09-27,0.0
1985-09-28,0.0
1985-09-29,0.0
1985-09-30,0.0
1985-10-01,1.44
1985-10-02,1.44
1985-10-03,1.44
1985-10-04,1.44
1985-10-05,1.53
1985-10-06,1.53
1985-10-07,1.53
1985-10-08,1.53
1985-10-09,1.53
1985-10-10,1.53
1985-10-11,1.44
1985-10-12,1.44
1985-10-13,1.44
1985-10-14,1.44
1985-10-15,1.35
1985-10-16,1.35
1985-10-17,1.35
1985-10-18,1.35
1985-10-19,1.35
1985-10-20,1.35
1985-10-21,1.35
1985-10-22,1.35
1985-10-23,1.35
1985-10-24,1.27
1985-10-25,1.27
1985-10-26,1.27
1985-10-27,1.27
1985-10-28,1.35
1985-10-29,1.35
1985-10-30,1.35
1985-10-31,1.35
1985-11-01,1.35
1985-11-02,1.35
1985-11-03,1.35
1985-11-04,1.44
1985-11-05,1.62
1985-11-06,1.62
1985-11-07,1.62
1985-11-08,1.72
1985-11-09,1.82
1985-11-10,1.82
1985-11-11,1.82
1985-11-12,1.82
1985-11-13,1.82
1985-11-14,1.82
1985-11-15,1.82
1985-11-16,1.82
1985-11-17,1.72
1985-11-18,1.62
1985-11-19,1.62
1985-11-20,1.62
1985-11-21,1.62
1985-11-22,1.62
1985-11-23,1.72
1985-11-24,1.72
1985-11-25,1.72
1985-11-26,1.82
1985-11-27,1.82
1985-11-28,1.92
1985-11-29,1.92
1985-11-30,2.02
1985-12-01,2.02
1985-12-02,2.02
1985-12-03,2.02
1985-12-04,2.02
1985-12-05,2.02
1985-12-06,2.02
1985-12-07,1.92
1985-12-08,2.02
1985-12-09,1.82
1985-12-10,1.72
1985-12-11,1.72
1985-12-12,1.72
1985-12-13,1.72
1985-12-14,1.72
1985-12-15,1.72
1985-12-16,1.62
1985-12-17,1.62
1985-12-18,1.62
1985-12-19,1.62
1985-12-20,1.62
1985-12-21,1.62
1985-12-22,1.82
1985-12-23,2.47
1985-12-24,2.59
1985-12-25,4.11
1985-12-26,6.98
1985-12-27,5.63
1985-12-28,5.44
1985-12-29,4.92
1985-12-30,4.11
1985-12-31,3.24
1986-01-01,2.84
1986-01-02,3.24
1986-01-03,3.66
1986-01-04,3.1
1986-01-05,2.59
1986-01-06,2.36
1986-01-07,3.24
1986-01-08,14.21
1986-01-09,7.83
1986-01-10,5.44
1986-01-11,4.42
1986-01-12,3.51
1986-01-13,3.1
1986-01-14,2.72
1986-01-15,2.36
1986-01-16,2.13
1986-01-17,2.02
1986-01-18,1.92
1986-01-19,1.92
1986-01-20,1.92
1986-01-21,1.92
1986-01-22,1.82
1986-01-23,1.82
1986-01-24,1.82
1986-01-25,1.82
1986-01-26,1.72
1986-01-27,1.72
1986-01-28,1.62
1986-01-29,1.62
1986-01-30,1.72
1986-01-31,2.02
1986-02-01,2.13
1986-02-02,2.13
1986-02-03,1.92
1986-02-04,1.82
1986-02-05,1.82
1986-02-06,1.82
1986-02-07,1.72
1986-02-08,2.02
1986-02-09,2.36
1986-02-10,2.47
1986-02-11,2.24
1986-02-12,2.02
1986-02-13,2.36
1986-02-14,29.56
1986-02-15,16.79
1986-02-16,10.67
1986-02-17,20.88
1986-02-18,30.7
1986-02-19,12.83
1986-02-20,22.38
1986-02-21,35.3
1986-02-22,19.39
1986-02-23,10.93
1986-02-24,9.19
1986-02-25,8.95
1986-02-26,7.19
1986-02-27,6.19
1986-02-28,5.63
1986-03-01,5.27
1986-03-02,5.09
1986-03-03,5.81
1986-03-04,9.67
1986-03-05,7.4
1986-03-06,6.0
1986-03-07,5.09
1986-03-08,4.75
1986-03-09,4.26
1986-03-10,3.66
1986-03-11,3.51
1986-03-12,3.51
1986-03-13,3.51
1986-03-14,3.37
1986-03-15,3.1
1986-03-16,2.84
1986-03-17,2.47
1986-03-18,2.36
1986-03-19,2.36
1986-03-20,2.24
1986-03-21,2.13
1986-03-22,2.02
1986-03-23,1.82
1986-03-24,1.62
1986-03-25,1.62
1986-03-26,1.62
1986-03-27,1.62
1986-03-28,1.44
1986-03-29,1.27
1986-03-30,1.19
1986-03-31,1.19
1986-04-01,1.11
1986-04-02,1.11
1986-04-03,1.19
1986-04-04,1.27
1986-04-05,1.27
1986-04-06,1.44
1986-04-07,1.92
1986-04-08,1.92
1986-04-09,1.35
1986-04-10,1.03
1986-04-11,1.11
1986-04-12,1.11
1986-04-13,1.11
1986-04-14,1.03
1986-04-15,0.96
1986-04-16,0.96
1986-04-17,0.96
1986-04-18,0.89
1986-04-19,0.89
1986-04-20,0.82
1986-04-21,0.82
1986-04-22,1.19
1986-04-23,1.19
1986-04-24,1.19
1986-04-25,1.19
1986-04-26,1.19
1986-04-27,1.03
1986-04-28,0.76
1986-04-29,0.64
1986-04-30,0.64
1986-05-01,0.58
1986-05-02,0.58
1986-05-03,0.58
1986-05-04,0.64
1986-05-05,0.82
1986-05-06,0.96
1986-05-07,0.89
1986-05-08,0.82
1986-05-09,0.76
1986-05-10,0.7
1986-05-11,0.58
1986-05-12,0.53
1986-05-13,0.43
1986-05-14,0.38
1986-05-15,0.34
1986-05-16,0.23
1986-05-17,0.26
1986-05-18,0.3
1986-05-19,0.23
1986-05-20,0.38
1986-05-21,0.38
1986-05-22,0.38
1986-05-23,0.38
1986-05-24,0.38
1986-05-25,0.43
1986-05-26,0.43
1986-05-27,0.34
1986-05-28,0.26
1986-05-29,0.26
1986-05-30,0.26
1986-05-31,0.23
1986-06-01,0.23
1986-06-02,0.26
1986-06-03,0.23
1986-06-04,0.26
1986-06-05,0.3
1986-06-06,0.26
1986-06-07,0.17
1986-06-08,0.12
1986-06-09,0.12
1986-06-10,0.14
1986-06-11,0.2
1986-06-12,0.23
1986-06-13,0.23
1986-06-14,0.26
1986-06-15,0.3
1986-06-16,0.2
1986-06-17,0.12
1986-06-18,0.09
1986-06-19,0.06
1986-06-20,0.03
1986-06-21,0.03
1986-06-22,0.03
1986-06-23,0.03
1986-06-24,0.04
1986-06-25,0.04
1986-06-26,0.06
1986-06-27,0.12
1986-06-28,0.14
1986-06-29,0.12
1986-06-30,0.2
1986-07-01,0.17
1986-07-02,0.09
1986-07-03,0.09
1986-07-04,0.06
1986-07-05,0.04
1986-07-06,0.03
1986-07-07,0.03
1986-07-08,0.03
1986-07-09,0.02
1986-07-10,0.03
1986-07-11,0.03
1986-07-12,0.03
1986-07-13,0.03
1986-07-14,0.03
1986-07-15,0.03
1986-07-16,0.03
1986-07-17,0.03
1986-07-18,0.03
1986-07-19,0.03
1986-07-20,0.03
1986-07-21,0.03
1986-07-22,0.02
1986-07-23,0.02
1986-07-24,0.02
1986-07-25,0.02
1986-07-26,0.02
1986-07-27,0.02
1986-07-28,0.02
1986-07-29,0.02
1986-07-30,0.02
1986-07-31,0.02
1986-08-01,0.02
1986-08-02,0.02
1986-08-03,0.02
1986-08-04,0.02
1986-08-05,0.02
1986-08-06,0.02
1986-08-07,0.02
1986-08-08,0.02
1986-08-09,0.02
1986-08-10,0.01
1986-08-11,0.0
1986-08-12,0.0
1986-08-13,0.0
1986-08-14,0.0
1986-08-15,0.0
1986-08-16,0.0
1986-08-17,0.0
1986-08-18,0.0
1986-08-19,0.0
1986-08-20,0.0
1986-08-21,0.0
1986-08-22,0.0
1986-08-23,0.0
1986-08-24,0.0
1986-08-25,0.0
1986-08-26,0.0
1986-08-27,0.0
1986-08-28,0.0
1986-08-29,0.0
1986-08-30,0.0
1986-08-31,0.0
1986-09-01,0.0
1986-09-02,0.0
1986-09-03,0.0
1986-09-04,0.0
1986-09-05,0.0
1986-09-06,0.0
1986-09-07,0.0
1986-09-08,0.0
1986-09-09,0.0
1986-09-10,0.0
1986-09-11,0.0
1986-09-12,0.0
1986-09-13,0.0
1986-09-14,0.0
1986-09-15,0.76
1986-09-16,1.19
1986-09-17,1.11
1986-09-18,0.89
1986-09-19,0.7
1986-09-20,0.53
1986-09-21,0.48
1986-09-22,0.58
1986-09-23,0.64
1986-09-24,0.58
1986-09-25,0.53
1986-09-26,0.38
1986-09-27,0.3
1986-09-28,0.23
1986-09-29,0.17
1986-09-30,0.12
1986-10-01,0.09
1986-10-02,0.09
1986-10-03,0.2
1986-10-04,0.3
1986-10-05,0.26
1986-10-06,0.26
1986-10-07,0.3
1986-10-08,1.59
1986-10-09,2.74
1986-10-10,1.77
1986-10-11,1.33
1986-10-12,1.59
1986-10-13,1.41
1986-10-14,1.17
1986-10-15,1.03
1986-10-16,0.96
1986-10-17,0.77
1986-10-18,0.61
1986-10-19,0.56
1986-10-20,0.56
1986-10-21,0.56
1986-10-22,0.51
1986-10-23,0.51
1986-10-24,0.56
1986-10-25,0.56
1986-10-26,0.51
1986-10-27,0.51
1986-10-28,0.51
1986-10-29,0.47
1986-10-30,0.47
1986-10-31,0.43
1986-11-01,0.43
1986-11-02,0.43
1986-11-03,0.43
1986-11-04,0.43
1986-11-05,0.43
1986-11-06,0.43
1986-11-07,0.43
1986-11-08,0.43
1986-11-09,0.43
1986-11-10,0.43
1986-11-11,0.56
1986-11-12,0.66
1986-11-13,0.71
1986-11-14,0.83
1986-11-15,1.68
1986-11-16,1.33
1986-11-17,0.96
1986-11-18,0.83
1986-11-19,0.71
1986-11-20,0.66
1986-11-21,0.66
1986-11-22,0.66
1986-11-23,0.66
1986-11-24,0.61
1986-11-25,0.61
1986-11-26,0.61
1986-11-27,0.56
1986-11-28,0.56
1986-11-29,0.56
1986-11-30,0.56
1986-12-01,0.51
1986-12-02,0.51
1986-12-03,0.51
1986-12-04,0.51
1986-12-05,0.47
1986-12-06,0.47
1986-12-07,0.47
1986-12-08,0.71
1986-12-09,0.83
1986-12-10,0.71
1986-12-11,0.61
1986-12-12,0.56
1986-12-13,0.61
1986-12-14,0.96
1986-12-15,0.89
1986-12-16,0.77
1986-12-17,0.71
1986-12-18,0.61
1986-12-19,0.56
1986-12-20,0.51
1986-12-21,0.51
1986-12-22,0.51
1986-12-23,0.51
1986-12-24,0.47
1986-12-25,0.47
1986-12-26,0.43
1986-12-27,0.43
1986-12-28,0.39
1986-12-29,0.39
1986-12-30,0.39
1986-12-31,0.39
1987-01-01,0.39
1987-01-02,0.39
1987-01-03,0.39
1987-01-04,0.39
1987-01-05,0.39
1987-01-06,0.39
1987-01-07,0.39
1987-01-08,0.39
1987-01-09,0.51
1987-01-10,1.1
1987-01-11,1.77
1987-01-12,1.77
1987-01-13,3.7
1987-01-14,3.87
1987-01-15,2.3
1987-01-16,1.68
1987-01-17,1.41
1987-01-18,1.17
1987-01-19,1.03
1987-01-20,1.03
1987-01-21,0.96
1987-01-22,0.83
1987-01-23,0.77
1987-01-24,0.77
1987-01-25,0.71
1987-01-26,0.96
1987-01-27,5.71
1987-01-28,8.96
1987-01-29,12.72
1987-01-30,16.36
1987-01-31,9.19
1987-02-01,6.11
1987-02-02,15.78
1987-02-03,20.34
1987-02-04,9.19
1987-02-05,6.32
1987-02-06,4.57
1987-02-07,3.7
1987-02-08,3.05
1987-02-09,2.59
1987-02-10,2.89
1987-02-11,14.36
1987-02-12,10.65
1987-02-13,6.73
1987-02-14,5.71
1987-02-15,4.57
1987-02-16,3.7
1987-02-17,3.21
1987-02-18,3.05
1987-02-19,2.74
1987-02-20,2.3
1987-02-21,4.21
1987-02-22,7.6
1987-02-23,8.04
1987-02-24,11.93
1987-02-25,50.35
1987-02-26,18.77
1987-02-27,9.91
1987-02-28,7.38
1987-03-01,5.91
1987-03-02,4.76
1987-03-03,4.04
1987-03-04,3.37
1987-03-05,2.89
1987-03-06,2.59
1987-03-07,2.3
1987-03-08,2.03
1987-03-09,1.9
1987-03-10,1.77
1987-03-11,1.68
1987-03-12,1.68
1987-03-13,4.39
1987-03-14,2.89
1987-03-15,2.03
1987-03-16,1.77
1987-03-17,1.59
1987-03-18,1.5
1987-03-19,1.41
1987-03-20,1.41
1987-03-21,1.33
1987-03-22,1.33
1987-03-23,1.25
1987-03-24,1.25
1987-03-25,1.77
1987-03-26,1.68
1987-03-27,1.59
1987-03-28,1.41
1987-03-29,1.33
1987-03-30,1.25
1987-03-31,1.17
1987-04-01,1.1
1987-04-02,1.1
1987-04-03,1.33
1987-04-04,1.33
1987-04-05,1.68
1987-04-06,1.68
1987-04-07,5.91
1987-04-08,35.66
1987-04-09,16.66
1987-04-10,9.91
1987-04-11,6.73
1987-04-12,4.57
1987-04-13,3.7
1987-04-14,3.21
1987-04-15,2.74
1987-04-16,2.3
1987-04-17,2.03
1987-04-18,1.77
1987-04-19,1.59
1987-04-20,1.5
1987-04-21,1.41
1987-04-22,1.33
1987-04-23,1.25
1987-04-24,1.25
1987-04-25,1.25
1987-04-26,1.25
1987-04-27,1.03
1987-04-28,1.03
1987-04-29,1.1
1987-04-30,0.96
1987-05-01,0.89
1987-05-02,0.83
1987-05-03,0.77
1987-05-04,0.66
1987-05-05,0.66
1987-05-06,0.66
1987-05-07,0.66
1987-05-08,0.66
1987-05-09,0.66
1987-05-10,0.66
1987-05-11,0.66
1987-05-12,0.66
1987-05-13,0.66
1987-05-14,0.66
1987-05-15,0.61
1987-05-16,0.61
1987-05-17,0.61
1987-05-18,0.61
1987-05-19,0.56
1987-05-20,0.56
1987-05-21,0.51
1987-05-22,0.47
1987-05-23,0.51
1987-05-24,0.51
1987-05-25,0.56
1987-05-26,0.56
1987-05-27,0.56
1987-05-28,0.56
1987-05-29,0.56
1987-05-30,0.56
1987-05-31,0.56
1987-06-01,0.56
1987-06-02,0.56
1987-06-03,0.51
1987-06-04,0.47
1987-06-05,0.43
1987-06-06,0.39
1987-06-07,0.39
1987-06-08,0.39
1987-06-09,0.39
1987-06-10,0.43
1987-06-11,0.43
1987-06-12,0.43
1987-06-13,0.43
1987-06-14,0.47
1987-06-15,0.47
1987-06-16,0.47
1987-06-17,0.47
1987-06-18,0.47
1987-06-19,0.47
1987-06-20,0.43
1987-06-21,0.43
1987-06-22,0.43
1987-06-23,0.39
1987-06-24,0.39
1987-06-25,0.39
1987-06-26,0.39
1987-06-27,0.35
1987-06-28,0.35
1987-06-29,0.35
1987-06-30,0.35
1987-07-01,0.32
1987-07-02,0.32
1987-07-03,0.32
1987-07-04,0.32
1987-07-05,0.28
1987-07-06,0.28
1987-07-07,0.28
1987-07-08,0.25
1987-07-09,0.25
1987-07-10,0.25
1987-07-11,0.23
1987-07-12,0.23
1987-07-13,0.2
1987-07-14,0.2
1987-07-15,0.2
1987-07-16,0.2
1987-07-17,0.2
1987-07-18,0.2
1987-07-19,0.18
1987-07-20,0.18
1987-07-21,0.18
1987-07-22,0.18
1987-07-23,0.18
1987-07-24,0.18
1987-07-25,0.15
1987-07-26,0.15
1987-07-27,0.13
1987-07-28,0.13
1987-07-29,0.13
1987-07-30,0.11
1987-07-31,0.11
1987-08-01,0.1
1987-08-02,0.1
1987-08-03,0.1
1987-08-04,0.02
1987-08-05,0.0
1987-08-06,0.0
1987-08-07,0.0
1987-08-08,0.0
1987-08-09,0.0
1987-08-10,0.0
1987-08-11,0.0
1987-08-12,0.0
1987-08-13,0.0
1987-08-14,0.0
1987-08-15,0.0
1987-08-16,0.0
1987-08-17,0.0
1987-08-18,0.0
1987-08-19,0.0
1987-08-20,0.0
1987-08-21,0.0
1987-08-22,0.0
1987-08-23,0.0
1987-08-24,0.0
1987-08-25,0.0
1987-08-26,0.0
1987-08-27,0.0
1987-08-28,0.0
1987-08-29,0.0
1987-08-30,0.0
1987-08-31,0.0
1987-09-01,0.0
1987-09-02,0.0
1987-09-03,0.0
1987-09-04,0.0
1987-09-05,0.0
1987-09-06,0.0
1987-09-07,0.0
1987-09-08,0.0
1987-09-09,0.0
1987-09-10,0.02
1987-09-11,0.1
1987-09-12,0.1
1987-09-13,0.1
1987-09-14,0.1
1987-09-15,0.1
1987-09-16,0.18
1987-09-17,0.13
1987-09-18,0.25
1987-09-19,0.39
1987-09-20,0.28
1987-09-21,0.32
1987-09-22,0.66
1987-09-23,0.61
1987-09-24,0.61
1987-09-25,0.66
1987-09-26,0.71
1987-09-27,0.71
1987-09-28,0.66
1987-09-29,0.61
1987-09-30,0.77
1987-10-01,0.3
1987-10-02,0.29
1987-10-03,0.32
1987-10-04,0.32
1987-10-05,0.34
1987-10-06,0.23
1987-10-07,0.23
1987-10-08,0.25
1987-10-09,0.3
1987-10-10,0.32
1987-10-11,0.31
1987-10-12,0.3
1987-10-13,0.34
1987-10-14,0.42
1987-10-15,0.95
1987-10-16,0.5
1987-10-17,0.38
1987-10-18,0.34
1987-10-19,0.34
1987-10-20,0.43
1987-10-21,0.42
1987-10-22,0.43
1987-10-23,0.48
1987-10-24,0.45
1987-10-25,0.43
1987-10-26,0.5
1987-10-27,0.56
1987-10-28,0.52
1987-10-29,0.52
1987-10-30,1.39
1987-10-31,1.58
1987-11-01,1.77
1987-11-02,1.51
1987-11-03,1.37
1987-11-04,1.19
1987-11-05,0.99
1987-11-06,0.94
1987-11-07,1.42
1987-11-08,2.16
1987-11-09,1.91
1987-11-10,1.56
1987-11-11,1.24
1987-11-12,1.03
1987-11-13,0.99
1987-11-14,0.95
1987-11-15,0.88
1987-11-16,0.81
1987-11-17,0.77
1987-11-18,0.77
1987-11-19,0.77
1987-11-20,0.77
1987-11-21,0.77
1987-11-22,0.77
1987-11-23,0.84
1987-11-24,0.74
1987-11-25,0.7
1987-11-26,0.7
1987-11-27,0.67
1987-11-28,0.64
1987-11-29,0.64
1987-11-30,0.64
1987-12-01,0.67
1987-12-02,0.89
1987-12-03,1.32
1987-12-04,4.19
1987-12-05,3.9
1987-12-06,3.32
1987-12-07,2.85
1987-12-08,3.51
1987-12-09,11.6
1987-12-10,10.51
1987-12-11,21.51
1987-12-12,33.53
1987-12-13,30.77
1987-12-14,23.12
1987-12-15,21.71
1987-12-16,18.0
1987-12-17,10.81
1987-12-18,8.36
1987-12-19,7.65
1987-12-20,6.59
1987-12-21,5.28
1987-12-22,4.44
1987-12-23,3.89
1987-12-24,3.53
1987-12-25,3.25
1987-12-26,3.04
1987-12-27,2.85
1987-12-28,2.59
1987-12-29,2.41
1987-12-30,2.35
1987-12-31,2.41
1988-01-01,2.41
1988-01-02,2.35
1988-01-03,2.35
1988-01-04,2.29
1988-01-05,2.36
1988-01-06,5.27
1988-01-07,6.95
1988-01-08,4.73
1988-01-09,3.75
1988-01-10,3.25
1988-01-11,2.98
1988-01-12,3.03
1988-01-13,8.72
1988-01-14,16.79
1988-01-15,42.98
1988-01-16,24.03
1988-01-17,10.9
1988-01-18,8.3
1988-01-19,7.66
1988-01-20,7.85
1988-01-21,6.37
1988-01-22,5.53
1988-01-23,5.1
1988-01-24,4.97
1988-01-25,5.45
1988-01-26,8.2
1988-01-27,51.22
1988-01-28,28.63
1988-01-29,20.58
1988-01-30,39.87
1988-01-31,14.9
1988-02-01,11.73
1988-02-02,12.22
1988-02-03,9.77
1988-02-04,10.16
1988-02-05,9.14
1988-02-06,8.12
1988-02-07,9.14
1988-02-08,7.16
1988-02-09,6.18
1988-02-10,5.53
1988-02-11,5.01
1988-02-12,4.52
1988-02-13,4.2
1988-02-14,3.97
1988-02-15,4.0
1988-02-16,4.69
1988-02-17,4.69
1988-02-18,3.82
1988-02-19,3.39
1988-02-20,3.11
1988-02-21,2.85
1988-02-22,2.72
1988-02-23,2.96
1988-02-24,3.58
1988-02-25,3.05
1988-02-26,2.66
1988-02-27,2.41
1988-02-28,2.29
1988-02-29,2.18
1988-03-01,2.07
1988-03-02,1.96
1988-03-03,1.85
1988-03-04,1.8
1988-03-05,1.7
1988-03-06,1.6
1988-03-07,1.6
1988-03-08,1.55
1988-03-09,1.5
1988-03-10,1.46
1988-03-11,1.41
1988-03-12,1.41
1988-03-13,1.37
1988-03-14,1.28
1988-03-15,1.19
1988-03-16,1.15
1988-03-17,1.11
1988-03-18,1.07
1988-03-19,1.07
1988-03-20,1.07
1988-03-21,1.07
1988-03-22,1.07
1988-03-23,1.07
1988-03-24,1.07
1988-03-25,1.03
1988-03-26,0.99
1988-03-27,0.95
1988-03-28,0.88
1988-03-29,0.84
1988-03-30,0.84
1988-03-31,0.81
1988-04-01,0.77
1988-04-02,0.77
1988-04-03,0.77
1988-04-04,0.77
1988-04-05,0.81
1988-04-06,0.77
1988-04-07,0.77
1988-04-08,0.77
1988-04-09,0.77
1988-04-10,0.77
1988-04-11,0.85
1988-04-12,0.95
1988-04-13,0.88
1988-04-14,0.81
1988-04-15,0.77
1988-04-16,0.74
1988-04-17,0.74
1988-04-18,0.81
1988-04-19,0.88
1988-04-20,0.95
1988-04-21,0.84
1988-04-22,0.68
1988-04-23,0.46
1988-04-24,0.67
1988-04-25,0.61
1988-04-26,0.58
1988-04-27,0.58
1988-04-28,0.55
1988-04-29,0.52
1988-04-30,0.55
1988-05-01,0.61
1988-05-02,0.62
1988-05-03,0.59
1988-05-04,0.78
1988-05-05,1.32
1988-05-06,8.63
1988-05-07,6.81
1988-05-08,3.91
1988-05-09,2.98
1988-05-10,2.48
1988-05-11,1.97
1988-05-12,1.65
1988-05-13,1.6
1988-05-14,1.6
1988-05-15,1.51
1988-05-16,1.37
1988-05-17,1.28
1988-05-18,1.23
1988-05-19,1.19
1988-05-20,1.11
1988-05-21,1.07
1988-05-22,1.07
1988-05-23,1.03
1988-05-24,0.95
1988-05-25,0.88
1988-05-26,0.81
1988-05-27,0.77
1988-05-28,0.71
1988-05-29,0.64
1988-05-30,0.64
1988-05-31,0.61
1988-06-01,0.55
1988-06-02,0.52
1988-06-03,0.52
1988-06-04,0.49
1988-06-05,0.47
1988-06-06,0.47
1988-06-07,0.47
1988-06-08,0.47
1988-06-09,0.47
1988-06-10,0.49
1988-06-11,0.58
1988-06-12,0.94
1988-06-13,1.02
1988-06-14,4.0
1988-06-15,3.54
1988-06-16,2.25
1988-06-17,1.66
1988-06-18,1.32
1988-06-19,1.15
1988-06-20,0.99
1988-06-21,0.81
1988-06-22,0.74
1988-06-23,0.77
1988-06-24,0.77
1988-06-25,0.77
1988-06-26,0.74
1988-06-27,0.67
1988-06-28,0.53
1988-06-29,0.73
1988-06-30,2.83
1988-07-01,3.9
1988-07-02,2.38
1988-07-03,1.56
1988-07-04,5.98
1988-07-05,17.95
1988-07-06,8.62
1988-07-07,4.96
1988-07-08,3.61
1988-07-09,2.73
1988-07-10,2.08
1988-07-11,1.52
1988-07-12,1.0
1988-07-13,0.65
1988-07-14,0.42
1988-07-15,0.3
1988-07-16,0.25
1988-07-17,0.23
1988-07-18,0.22
1988-07-19,0.18
1988-07-20,0.16
1988-07-21,0.56
1988-07-22,0.73
1988-07-23,0.24
1988-07-24,0.36
1988-07-25,0.63
1988-07-26,0.36
1988-07-27,0.18
1988-07-28,0.16
1988-07-29,0.16
1988-07-30,0.16
1988-07-31,0.16
1988-08-01,0.16
1988-08-02,0.16
1988-08-03,0.16
1988-08-04,0.16
1988-08-05,0.16
1988-08-06,0.16
1988-08-07,0.16
1988-08-08,0.22
1988-08-09,0.25
1988-08-10,0.22
1988-08-11,0.22
1988-08-12,0.23
1988-08-13,0.23
1988-08-14,0.23
1988-08-15,0.23
1988-08-16,0.23
1988-08-17,0.22
1988-08-18,0.2
1988-08-19,0.2
1988-08-20,0.2
1988-08-21,0.2
1988-08-22,0.2
1988-08-23,0.18
1988-08-24,0.16
1988-08-25,0.16
1988-08-26,0.15
1988-08-27,0.13
1988-08-28,0.18
1988-08-29,0.25
1988-08-30,0.3
1988-08-31,0.32
1988-09-01,0.3
1988-09-02,0.27
1988-09-03,0.25
1988-09-04,0.23
1988-09-05,0.22
1988-09-06,0.2
1988-09-07,0.18
1988-09-08,0.16
1988-09-09,0.15
1988-09-10,0.18
1988-09-11,0.23
1988-09-12,0.23
1988-09-13,0.28
1988-09-14,0.32
1988-09-15,0.28
1988-09-16,0.22
1988-09-17,0.2
1988-09-18,0.24
1988-09-19,0.3
1988-09-20,0.32
1988-09-21,0.32
1988-09-22,0.32
1988-09-23,0.32
1988-09-24,0.32
1988-09-25,0.32
1988-09-26,0.32
1988-09-27,0.32
1988-09-28,0.32
1988-09-29,0.32
1988-09-30,0.32
1988-10-01,0.27
1988-10-02,0.3
1988-10-03,0.32
1988-10-04,0.32
1988-10-05,0.32
1988-10-06,0.32
1988-10-07,0.32
1988-10-08,0.32
1988-10-09,0.32
1988-10-10,0.32
1988-10-11,0.32
1988-10-12,0.32
1988-10-13,0.51
1988-10-14,1.0
1988-10-15,0.77
1988-10-16,0.77
1988-10-17,0.77
1988-10-18,2.52
1988-10-19,1.91
1988-10-20,1.65
1988-10-21,1.41
1988-10-22,1.28
1988-10-23,1.19
1988-10-24,1.11
1988-10-25,1.03
1988-10-26,0.99
1988-10-27,1.02
1988-10-28,1.15
1988-10-29,1.23
1988-10-30,1.23
1988-10-31,1.15
1988-11-01,1.07
1988-11-02,1.03
1988-11-03,0.99
1988-11-04,0.95
1988-11-05,0.94
1988-11-06,1.24
1988-11-07,1.15
1988-11-08,1.11
1988-11-09,1.45
1988-11-10,1.46
1988-11-11,1.24
1988-11-12,1.11
1988-11-13,0.99
1988-11-14,0.88
1988-11-15,0.81
1988-11-16,0.77
1988-11-17,0.74
1988-11-18,0.67
1988-11-19,0.64
1988-11-20,0.64
1988-11-21,0.64
1988-11-22,0.64
1988-11-23,0.64
1988-11-24,0.64
1988-11-25,0.67
1988-11-26,0.74
1988-11-27,0.77
1988-11-28,0.74
1988-11-29,0.67
1988-11-30,0.64
1988-12-01,0.71
1988-12-02,0.64
1988-12-03,0.71
1988-12-04,0.74
1988-12-05,0.67
1988-12-06,0.64
1988-12-07,0.61
1988-12-08,0.58
1988-12-09,0.55
1988-12-10,0.52
1988-12-11,0.58
1988-12-12,0.61
1988-12-13,0.55
1988-12-14,0.52
1988-12-15,0.52
1988-12-16,0.52
1988-12-17,0.52
1988-12-18,0.52
1988-12-19,0.52
1988-12-20,0.49
1988-12-21,0.44
1988-12-22,0.41
1988-12-23,0.41
1988-12-24,0.41
1988-12-25,0.41
1988-12-26,0.41
1988-12-27,0.41
1988-12-28,0.39
1988-12-29,0.36
1988-12-30,0.36
1988-12-31,0.34
1989-01-01,0.32
1989-01-02,0.32
1989-01-03,0.32
1989-01-04,0.32
1989-01-05,0.34
1989-01-06,0.39
1989-01-07,0.41
1989-01-08,0.41
1989-01-09,0.41
1989-01-10,0.41
1989-01-11,0.39
1989-01-12,0.34
1989-01-13,0.3
1989-01-14,0.25
1989-01-15,0.22
1989-01-16,0.2
1989-01-17,0.2
1989-01-18,0.2
1989-01-19,0.18
1989-01-20,0.16
1989-01-21,0.16
1989-01-22,0.16
1989-01-23,0.15
1989-01-24,0.13
1989-01-25,0.45
1989-01-26,0.89
1989-01-27,0.87
1989-01-28,0.86
1989-01-29,0.81
1989-01-30,0.71
1989-01-31,0.63
1989-02-01,0.58
1989-02-02,0.53
1989-02-03,0.48
1989-02-04,0.5
1989-02-05,0.56
1989-02-06,0.56
1989-02-07,0.53
1989-02-08,0.56
1989-02-09,0.67
1989-02-10,0.76
1989-02-11,0.76
1989-02-12,0.76
1989-02-13,0.74
1989-02-14,0.68
1989-02-15,0.66
1989-02-16,0.66
1989-02-17,0.66
1989-02-18,0.66
1989-02-19,0.66
1989-02-20,0.66
1989-02-21,0.66
1989-02-22,0.68
1989-02-23,0.74
1989-02-24,0.96
1989-02-25,1.39
1989-02-26,1.48
1989-02-27,1.46
1989-02-28,1.38
1989-03-01,1.13
1989-03-02,0.97
1989-03-03,0.84
1989-03-04,0.76
1989-03-05,0.74
1989-03-06,0.68
1989-03-07,0.63
1989-03-08,0.58
1989-03-09,0.53
1989-03-10,0.5
1989-03-11,0.53
1989-03-12,0.53
1989-03-13,0.48
1989-03-14,0.43
1989-03-15,0.38
1989-03-16,0.35
1989-03-17,0.33
1989-03-18,0.27
1989-03-19,0.25
1989-03-20,0.25
1989-03-21,0.25
1989-03-22,0.22
1989-03-23,0.17
1989-03-24,0.15
1989-03-25,0.15
1989-03-26,0.17
1989-03-27,0.22
1989-03-28,0.3
1989-03-29,0.45
1989-03-30,0.48
1989-03-31,0.5
1989-04-01,0.45
1989-04-02,0.38
1989-04-03,0.35
1989-04-04,0.35
1989-04-05,0.3
1989-04-06,0.25
1989-04-07,0.22
1989-04-08,0.59
1989-04-09,10.37
1989-04-10,6.89
1989-04-11,3.87
1989-04-12,2.68
1989-04-13,2.09
1989-04-14,1.69
1989-04-15,1.48
1989-04-16,1.35
1989-04-17,1.23
1989-04-18,1.09
1989-04-19,0.94
1989-04-20,0.82
1989-04-21,0.72
1989-04-22,0.62
1989-04-23,0.58
1989-04-24,0.57
1989-04-25,0.52
1989-04-26,0.58
1989-04-27,0.56
1989-04-28,0.51
1989-04-29,0.51
1989-04-30,0.53
1989-05-01,0.5
1989-05-02,0.45
1989-05-03,0.44
1989-05-04,0.44
1989-05-05,0.44
1989-05-06,0.48
1989-05-07,0.51
1989-05-08,0.51
1989-05-09,0.51
1989-05-10,0.51
1989-05-11,0.51
1989-05-12,0.51
1989-05-13,0.51
1989-05-14,0.51
1989-05-15,0.51
1989-05-16,0.51
1989-05-17,0.51
1989-05-18,0.51
1989-05-19,0.51
1989-05-20,0.51
1989-05-21,0.51
1989-05-22,0.51
1989-05-23,0.51
1989-05-24,0.51
1989-05-25,1.16
1989-05-26,0.84
1989-05-27,3.68
1989-05-28,7.69
1989-05-29,1.8
1989-05-30,2.19
1989-05-31,1.59
1989-06-01,1.24
1989-06-02,0.99
1989-06-03,0.91
1989-06-04,0.91
1989-06-05,0.91
1989-06-06,0.89
1989-06-07,0.87
1989-06-08,0.87
1989-06-09,0.87
1989-06-10,0.84
1989-06-11,0.82
1989-06-12,0.82
1989-06-13,0.82
1989-06-14,0.82
1989-06-15,0.82
1989-06-16,0.82
1989-06-17,0.82
1989-06-18,0.82
1989-06-19,0.82
1989-06-20,0.82
1989-06-21,0.82
1989-06-22,0.82
1989-06-23,0.82
1989-06-24,0.82
1989-06-25,0.8
1989-06-26,0.76
1989-06-27,0.73
1989-06-28,0.73
1989-06-29,0.71
1989-06-30,0.69
1989-07-01,0.69
1989-07-02,0.69
1989-07-03,0.69
1989-07-04,0.69
1989-07-05,0.69
1989-07-06,0.69
1989-07-07,0.69
1989-07-08,0.69
1989-07-09,0.69
1989-07-10,0.69
1989-07-11,0.67
1989-07-12,0.65
1989-07-13,0.65
1989-07-14,0.65
1989-07-15,0.65
1989-07-16,0.65
1989-07-17,0.65
1989-07-18,0.65
1989-07-19,0.65
1989-07-20,0.65
1989-07-21,0.64
1989-07-22,0.6
1989-07-23,0.58
1989-07-24,0.58
1989-07-25,0.56
1989-07-26,0.55
1989-07-27,0.53
1989-07-28,0.51
1989-07-29,0.51
1989-07-30,0.51
1989-07-31,0.51
1989-08-01,0.51
1989-08-02,0.51
1989-08-03,0.51
1989-08-04,0.51
1989-08-05,0.51
1989-08-06,0.51
1989-08-07,0.51
1989-08-08,0.51
1989-08-09,0.51
1989-08-10,0.51
1989-08-11,0.51
1989-08-12,0.51
1989-08-13,0.51
1989-08-14,0.51
1989-08-15,0.51
1989-08-16,0.51
1989-08-17,0.51
1989-08-18,0.51
1989-08-19,0.51
1989-08-20,0.51
1989-08-21,0.51
1989-08-22,0.51
1989-08-23,0.51
1989-08-24,0.51
1989-08-25,0.51
1989-08-26,0.51
1989-08-27,0.51
1989-08-28,0.51
1989-08-29,0.51
1989-08-30,0.51
1989-08-31,0.51
1989-09-01,0.51
1989-09-02,0.51
1989-09-03,0.51
1989-09-04,0.51
1989-09-05,0.51
1989-09-06,0.51
1989-09-07,0.51
1989-09-08,0.51
1989-09-09,0.51
1989-09-10,0.51
1989-09-11,0.51
1989-09-12,0.51
1989-09-13,0.51
1989-09-14,0.51
1989-09-15,0.51
1989-09-16,0.51
1989-09-17,0.51
1989-09-18,0.53
1989-09-19,0.55
1989-09-20,0.55
1989-09-21,0.56
1989-09-22,0.58
1989-09-23,0.58
1989-09-24,0.58
1989-09-25,0.58
1989-09-26,0.58
1989-09-27,0.58
1989-09-28,0.58
1989-09-29,0.58
1989-09-30,0.58
1989-10-01,0.65
1989-10-02,0.6
1989-10-03,0.58
1989-10-04,0.58
1989-10-05,0.58
1989-10-06,0.58
1989-10-07,0.58
1989-10-08,0.56
1989-10-09,0.55
1989-10-10,0.55
1989-10-11,0.55
1989-10-12,0.56
1989-10-13,0.68
1989-10-14,0.77
1989-10-15,0.7
1989-10-16,0.6
1989-10-17,0.63
1989-10-18,0.61
1989-10-19,0.58
1989-10-20,0.58
1989-10-21,0.58
1989-10-22,0.58
1989-10-23,1.4
1989-10-24,2.33
1989-10-25,0.96
1989-10-26,0.89
1989-10-27,0.88
1989-10-28,0.77
1989-10-29,0.93
1989-10-30,0.74
1989-10-31,0.64
1989-11-01,0.56
1989-11-02,0.51
1989-11-03,0.5
1989-11-04,0.47
1989-11-05,0.47
1989-11-06,0.47
1989-11-07,0.45
1989-11-08,0.45
1989-11-09,0.45
1989-11-10,0.45
1989-11-11,0.45
1989-11-12,0.61
1989-11-13,0.78
1989-11-14,0.96
1989-11-15,0.74
1989-11-16,0.62
1989-11-17,0.59
1989-11-18,0.75
1989-11-19,7.05
1989-11-20,19.28
1989-11-21,24.35
1989-11-22,8.99
1989-11-23,17.7
1989-11-24,16.91
1989-11-25,13.52
1989-11-26,9.99
1989-11-27,43.97
1989-11-28,11.21
1989-11-29,5.44
1989-11-30,4.21
1989-12-01,4.35
1989-12-02,3.58
1989-12-03,3.69
1989-12-04,7.98
1989-12-05,12.7
1989-12-06,21.69
1989-12-07,12.05
1989-12-08,9.75
1989-12-09,27.36
1989-12-10,22.6
1989-12-11,9.48
1989-12-12,16.29
1989-12-13,91.75
1989-12-14,61.94
1989-12-15,28.96
1989-12-16,44.97
1989-12-17,53.37
1989-12-18,70.04
1989-12-19,27.12
1989-12-20,12.73
1989-12-21,28.56
1989-12-22,61.59
1989-12-23,21.65
1989-12-24,13.05
1989-12-25,24.01
1989-12-26,67.28
1989-12-27,31.19
1989-12-28,16.49
1989-12-29,19.77
1989-12-30,13.43
1989-12-31,10.31
1990-01-01,9.65
1990-01-02,11.68
1990-01-03,20.5
1990-01-04,15.84
1990-01-05,10.6
1990-01-06,9.41
1990-01-07,8.63
1990-01-08,7.43
1990-01-09,6.67
1990-01-10,6.14
1990-01-11,5.7
1990-01-12,5.29
1990-01-13,4.81
1990-01-14,4.43
1990-01-15,4.2
1990-01-16,3.99
1990-01-17,3.78
1990-01-18,3.64
1990-01-19,3.44
1990-01-20,3.24
1990-01-21,3.11
1990-01-22,3.05
1990-01-23,2.99
1990-01-24,2.87
1990-01-25,2.81
1990-01-26,3.12
1990-01-27,4.18
1990-01-28,9.28
1990-01-29,6.34
1990-01-30,7.82
1990-01-31,9.74
1990-02-01,13.3
1990-02-02,7.47
1990-02-03,6.33
1990-02-04,5.37
1990-02-05,4.89
1990-02-06,4.65
1990-02-07,4.43
1990-02-08,4.06
1990-02-09,3.78
1990-02-10,3.64
1990-02-11,3.5
1990-02-12,3.37
1990-02-13,3.24
1990-02-14,3.11
1990-02-15,2.99
1990-02-16,2.87
1990-02-17,2.75
1990-02-18,2.69
1990-02-19,2.69
1990-02-20,2.69
1990-02-21,2.69
1990-02-22,2.63
1990-02-23,2.51
1990-02-24,2.46
1990-02-25,2.4
1990-02-26,2.35
1990-02-27,2.29
1990-02-28,2.24
1990-03-01,2.18
1990-03-02,2.08
1990-03-03,2.33
1990-03-04,3.52
1990-03-05,3.13
1990-03-06,2.52
1990-03-07,2.33
1990-03-08,2.51
1990-03-09,2.62
1990-03-10,2.46
1990-03-11,2.52
1990-03-12,2.48
1990-03-13,1.85
1990-03-14,1.68
1990-03-15,1.59
1990-03-16,1.5
1990-03-17,1.46
1990-03-18,1.41
1990-03-19,1.33
1990-03-20,1.29
1990-03-21,1.25
1990-03-22,1.17
1990-03-23,1.13
1990-03-24,1.09
1990-03-25,1.02
1990-03-26,1.09
1990-03-27,1.13
1990-03-28,1.13
1990-03-29,1.13
1990-03-30,1.13
1990-03-31,1.15
1990-04-01,1.82
1990-04-02,3.29
1990-04-03,2.36
1990-04-04,1.79
1990-04-05,1.55
1990-04-06,2.09
1990-04-07,3.93
1990-04-08,3.41
1990-04-09,3.52
1990-04-10,2.76
1990-04-11,2.09
1990-04-12,1.69
1990-04-13,1.5
1990-04-14,1.37
1990-04-15,1.25
1990-04-16,1.13
1990-04-17,1.02
1990-04-18,1.05
1990-04-19,0.91
1990-04-20,0.78
1990-04-21,0.68
1990-04-22,0.62
1990-04-23,0.62
1990-04-24,0.65
1990-04-25,0.68
1990-04-26,0.74
1990-04-27,0.77
1990-04-28,1.02
1990-04-29,2.46
1990-04-30,2.17
1990-05-01,1.91
1990-05-02,2.06
1990-05-03,1.52
1990-05-04,1.06
1990-05-05,0.87
1990-05-06,0.81
1990-05-07,0.72
1990-05-08,0.74
1990-05-09,0.8
1990-05-10,0.68
1990-05-11,0.58
1990-05-12,0.52
1990-05-13,0.62
1990-05-14,0.5
1990-05-15,0.37
1990-05-16,0.31
1990-05-17,0.28
1990-05-18,0.28
1990-05-19,0.28
1990-05-20,0.34
1990-05-21,0.39
1990-05-22,0.39
1990-05-23,0.34
1990-05-24,0.3
1990-05-25,0.27
1990-05-26,0.32
1990-05-27,0.39
1990-05-28,0.44
1990-05-29,0.37
1990-05-30,0.4
1990-05-31,0.34
1990-06-01,0.27
1990-06-02,0.32
1990-06-03,0.49
1990-06-04,0.48
1990-06-05,0.42
1990-06-06,0.45
1990-06-07,0.37
1990-06-08,0.28
1990-06-09,0.37
1990-06-10,0.39
1990-06-11,0.39
1990-06-12,0.41
1990-06-13,0.37
1990-06-14,0.32
1990-06-15,0.32
1990-06-16,0.32
1990-06-17,0.33
1990-06-18,0.26
1990-06-19,0.25
1990-06-20,0.26
1990-06-21,0.22
1990-06-22,0.22
1990-06-23,0.22
1990-06-24,0.26
1990-06-25,0.34
1990-06-26,0.26
1990-06-27,0.26
1990-06-28,0.34
1990-06-29,0.29
1990-06-30,0.23
1990-07-01,0.26
1990-07-02,0.28
1990-07-03,0.26
1990-07-04,0.22
1990-07-05,0.26
1990-07-06,0.28
1990-07-07,0.28
1990-07-08,0.28
1990-07-09,0.28
1990-07-10,0.26
1990-07-11,0.22
1990-07-12,0.26
1990-07-13,0.3
1990-07-14,0.3
1990-07-15,0.3
1990-07-16,0.3
1990-07-17,0.26
1990-07-18,0.24
1990-07-19,0.28
1990-07-20,0.26
1990-07-21,0.24
1990-07-22,0.28
1990-07-23,0.3
1990-07-24,0.26
1990-07-25,0.24
1990-07-26,0.26
1990-07-27,0.28
1990-07-28,0.37
1990-07-29,0.41
1990-07-30,0.37
1990-07-31,0.34
1990-08-01,0.34
1990-08-02,0.34
1990-08-03,0.34
1990-08-04,0.32
1990-08-05,0.3
1990-08-06,0.3
1990-08-07,0.3
1990-08-08,0.3
1990-08-09,0.3
1990-08-10,0.3
1990-08-11,0.3
1990-08-12,0.3
1990-08-13,0.3
1990-08-14,0.3
1990-08-15,0.3
1990-08-16,0.3
1990-08-17,0.3
1990-08-18,0.3
1990-08-19,0.3
1990-08-20,0.3
1990-08-21,0.3
1990-08-22,0.3
1990-08-23,0.3
1990-08-24,0.3
1990-08-25,0.3
1990-08-26,0.3
1990-08-27,0.3
1990-08-28,0.3
1990-08-29,0.3
1990-08-30,0.3
1990-08-31,0.3
1990-09-01,0.3
1990-09-02,0.3
1990-09-03,0.3
1990-09-04,0.3
1990-09-05,0.3
1990-09-06,0.3
1990-09-07,0.3
1990-09-08,0.3
1990-09-09,0.3
1990-09-10,0.3
1990-09-11,0.3
1990-09-12,0.3
1990-09-13,0.3
1990-09-14,0.32
1990-09-15,0.37
1990-09-16,0.41
1990-09-17,0.82
1990-09-18,0.98
1990-09-19,1.77
1990-09-20,1.13
1990-09-21,1.05
1990-09-22,1.06
1990-09-23,1.46
1990-09-24,1.37
1990-09-25,1.37
1990-09-26,1.33
1990-09-27,1.29
1990-09-28,1.25
1990-09-29,1.17
1990-09-30,1.21
